station_id,name,codes,atco,locality,parent_locality,lat,lon
ABWD,Abbey Wood (London),ABWD|ABWDXR,9100ABWD,Abbey Wood,London,51.49106247,0.121394115
ABER,Aber,ABER,9100ABER,Aber,Caerphilly,51.57496554,-3.229828477
ABRCYNS,Abercynon,ABRCYNS,9100ABRCYNS,Abercynon,,51.64344991,-3.328569861
ABDARE,Aberdare,ABDARE,9100ABDARE,Aberdare,,51.71505791,-3.443083446
ABRDEEN,Aberdeen,ABRDEEN,9100ABRDEEN,Aberdeen,,57.14370402,-2.098685122
ABDO,Aberdour,ABDO,9100ABDO,Aberdour,,56.05459191,-3.300560017
ABDVY,Aberdovey,ABDVY,9100ABDVY,Aberdovey,,52.5439566,-4.057067068
ABRE,Abererch,ABRE,9100ABRE,Abererch,,52.89858307,-4.374175437
ABRGVNY,Abergavenny,ABRGVNY,9100ABRGVNY,Abergavenny,,51.81668982,-3.009646799
ABGLELE,Abergele & Pensarn,ABGLELE,9100ABGLELE,Abergele,,53.29457303,-3.582621988
ABRYSTH,Aberystwyth,ABRYSTH,9100ABRYSTH,Aberystwyth,,52.41404495,-4.081893523
ACRNGTN,Accrington,ACRNGTN,9100ACRNGTN,Accrington,,53.75297118,-2.369547778
ACHANLT,Achanalt,ACHANLT,9100ACHANLT,Achanalt,,57.60959584,-4.913851258
ACHNSHN,Achnasheen,ACHNSHN,9100ACHNSHN,Achnasheen,,57.57928965,-5.072332139
ACHHSHL,Achnashellach,ACHHSHL,9100ACHHSHL,Achnashellach,,57.48207427,-5.333055256
ACKLNGT,Acklington,ACKLNGT,9100ACKLNGT,Acklington Station,Acklington,55.30709824,-1.651834613
ACLE,Acle,ACLE,9100ACLE,Acle,,52.63468202,1.543915276
ACOCKSG,Acocks Green,ACOCKSG,9100ACOCKSG,Acocks Green,Birmingham,52.44932278,-1.818975411
ACBG,Acton Bridge,ACBG,9100ACBG,Acton Bridge,,53.2665072,-2.603126524
ACTNCTL,Acton Central,ACTNCTL,9100ACTNCTL,Acton,London,51.50871628,-0.262970615
ACTONML,Acton Main Line,ACTONML,9100ACTONML,Acton,London,51.51718015,-0.266756362
ADERLYP,Adderley Park,ADERLYP,9100ADERLYP,Adderley Park,Birmingham,52.48308594,-1.85594442
ADIEWEL,Addiewell,ADIEWEL,9100ADIEWEL,Addiewell,,55.84340895,-3.606526412
ADLESTN,Addlestone,ADLESTN,9100ADLESTN,Addlestone,,51.37304566,-0.484456717
ADISHAM,Adisham,ADISHAM,9100ADISHAM,Adisham,,51.24120154,1.199089268
ADLC,Adlington (Cheshire),ADLC,9100ADLC,Adlington,,53.31955398,-2.133562473
ADNL,Adlington (Lancs),ADNL,9100ADNL,Adlington,,53.61324428,-2.603070813
ADWICK,Adwick,ADWICK,9100ADWICK,Adwick le Street,,53.57232072,-1.180356207
AIGBURT,Aigburth,AIGBURT,9100AIGBURT,Aigburth,Liverpool,53.36456492,-2.927154925
AINSDAL,Ainsdale,AINSDAL,9100AINSDAL,Ainsdale,Southport,53.60203226,-3.042652009
AINTREE,Aintree,AINTREE,9100AINTREE,Aintree,,53.47390962,-2.956280314
AIRBLES,Airbles,AIRBLES,9100AIRBLES,Motherwell,,55.7828331,-3.994192441
AIRDRIE,Airdrie,AIRDRIE,9100AIRDRIE,Airdrie,,55.8639788,-3.982912064
ALBNYPK,Albany Park,ALBNYPK,9100ALBNYPK,Sidcup,London,51.43545265,0.125737156
ALBRGHT,Albrighton,ALBRGHT,9100ALBRGHT,Albrighton,,52.63794225,-2.268899944
ALDEDGE,Alderley Edge,ALDEDGE,9100ALDEDGE,Alderley Edge,,53.30378013,-2.236799069
ALDMSTN,Aldermaston,ALDMSTN,9100ALDMSTN,Aldermaston,,51.4019617,-1.13742381
ALDRSHT,Aldershot,ALDRSHT,9100ALDRSHT,Aldershot,,51.24641838,-0.759859799
ALDTON,Aldrington,ALDTON,9100ALDTON,Hove,,50.83638384,-0.183821434
ALEXNDP,Alexandra Palace,ALEXNDP,9100ALEXNDP,Alexandra Palace,London,51.597924,-0.120235139
ALXPD,Alexandra Parade,ALXPD,9100ALXPD,Dennistoun,Glasgow,55.86317092,-4.210648008
ALXANDR,Alexandria,ALXANDR,9100ALXANDR,Alexandria,,55.98508315,-4.577484236
ALFRETN,Alfreton,ALFRETN,9100ALFRETN,Alfreton,,53.10043172,-1.369696072
ALLENSW,Allens West,ALLENSW,9100ALLENSW,Eaglescliffe,Yarm,54.52462276,-1.361116692
ALLOA,Alloa,ALLOA,9100ALLOA,Alloa,,56.11778919,-3.790055622
ALNESS,Alness,ALNESS,9100ALNESS,Alness,,57.69439412,-4.249716285
ALNMOTH,Alnmouth,ALNMOTH,9100ALNMOTH,Lesbury,Alnmouth Village,55.39277758,-1.636637659
ALRESFD,Alresford (Essex),ALRESFD,9100ALRESFD,Alresford,,51.85400079,0.997436588
ALSAGER,Alsager,ALSAGER,9100ALSAGER,Alsager,,53.09300334,-2.299057533
ZZTYALS,Alston,ZZTYALS,9100ZZTYALS,Alston,,54.81463101,-2.441812397
ALTHORN,Althorne,ALTHORN,9100ALTHORN,Althorne,,51.64787047,0.752483563
ALTPE,Althorpe,ALTPE,9100ALTPE,Keadby,,53.58550079,-0.733182201
ALTNBRC,Altnabreac,ALTNBRC,9100ALTNBRC,Forsinard,,58.38814828,-3.706280219
ALTON,Alton,ALTON,9100ALTON,Alton,,51.15196879,-0.9669132
ALTRNHM,Altrincham,ALTRNHM,9100ALTRNHM,Altrincham,,53.38771657,-2.346888786
ALVCHRC,Alvechurch,ALVCHRC,9100ALVCHRC,Alvechurch,,52.34607059,-1.967660494
AMBERGT,Ambergate,AMBERGT,9100AMBERGT,Ambergate,,53.06051633,-1.480697424
AMLY,Amberley,AMLY,9100AMLY,Amberley,,50.89668002,-0.541992327
AMERSHM,Amersham,AMERSHM,9100AMERSHM,Amersham,,51.6742058,-0.607596056
AMMANFD,Ammanford,AMMANFD,9100AMMANFD,Ammanford,,51.79597473,-3.996734888
ANCASTR,Ancaster,ANCASTR,9100ANCASTR,Ancaster,,52.98768736,-0.535623652
ANDRSTN,Anderston,ANDRSTN,9100ANDRSTN,Glasgow,,55.85989697,-4.270979043
ANDOVER,Andover,ANDOVER,9100ANDOVER,Andover,,51.21154688,-1.492232913
ANERLEY,Anerley,ANERLEY,9100ANERLEY,Anerley,London,51.41215299,-0.06588584
ANGMRNG,Angmering,ANGMRNG,9100ANGMRNG,Angmering,,50.81657531,-0.48939394
ANNAN,Annan,ANNAN,9100ANNAN,Annan,,54.98383527,-3.262580458
ANSL,Anniesland,ANSL,9100ANSL,Anniesland,Glasgow,55.88935027,-4.32195683
ANSDELL,Ansdell & Fairhaven,ANSDELL,9100ANSDELL,Ansdell,,53.74146228,-2.993033951
APERLYB,Apperley Bridge,APERLYB,9100APERLYB,Apperley Bridge,Bradford,53.84174897,-1.70582848
APBY,Appleby,APBY,9100APBY,Appleby-in-Westmorland,,54.58034643,-2.486692231
APDR,Appledore (Kent),APDR,9100APDR,Appledore,,51.03323729,0.81634166
APPLEFD,Appleford,APPLEFD,9100APPLEFD,Appleford,,51.63964122,-1.242141404
APLYBDG,Appley Bridge,APLYBDG,9100APLYBDG,Appley Bridge,,53.57867074,-2.719252098
APSLEY,Apsley,APSLEY,9100APSLEY,Apsley,Hemel Hempstead,51.73252176,-0.462934733
ARBROTH,Arbroath,ARBROTH,9100ARBROTH,Arbroath,,56.55957374,-2.588931394
ARDGAY,Ardgay,ARDGAY,9100ARDGAY,Ardgay,,57.88145239,-4.362089206
ARDLUI,Ardlui,ARDLUI,9100ARDLUI,Ardlui,,56.30196654,-4.721657376
ARDRSHB,Ardrossan Harbour,ARDRSHB,9100ARDRSHB,Ardrossan,,55.63987223,-4.821110377
ARDRSSB,Ardrossan South Beach,ARDRSSB,9100ARDRSSB,Ardrossan,,55.64141617,-4.801211395
ARDRSTN,Ardrossan Town,ARDRSTN,9100ARDRSTN,Ardrossan,,55.63970647,-4.8126752
ARDWICK,Ardwick,ARDWICK,9100ARDWICK,Ardwick,Manchester,53.47154983,-2.21432181
ARGYLST,Argyle Street,ARGYLST,9100ARGYLST,Glasgow,,55.85730394,-4.250693884
ARISAIG,Arisaig,ARISAIG,9100ARISAIG,Arisaig,,56.91254639,-5.839077678
ARLSEY,Arlesey,ARLSEY,9100ARLSEY,Arlesey,,52.02603126,-0.266319759
ARMDALE,Armadale (W Lothian),ARMDALE,9100ARMDALE,Bathville,,55.88570976,-3.695412599
ARMTHWT,Armathwaite,ARMTHWT,9100ARMTHWT,Armathwaite,,54.80946515,-2.772071043
ARNSIDE,Arnside,ARNSIDE,9100ARNSIDE,Arnside,,54.20272858,-2.828241446
ARRAM,Arram,ARRAM,9100ARRAM,Arram,,53.88434368,-0.426570052
ARCHRAT,Arrochar & Tarbet,ARCHRAT,9100ARCHRAT,Arrochar,,56.20397079,-4.722770041
ARUNDEL,Arundel,ARUNDEL,9100ARUNDEL,Arundel,,50.84821483,-0.546174218
ASCOT,Ascot,ASCOT,9100ASCOT,Ascot,,51.40624365,-0.675833169
ASCTUWD,Ascott-under-Wychwood,ASCTUWD,9100ASCTUWD,Ascott-under-Wychwood,,51.86734078,-1.56405264
ASHH,Ash,ASHH,9100ASHH,Ash,,51.24959732,-0.712805387
ASHVALE,Ash Vale,ASHVALE,9100ASHVALE,Ash Vale,,51.27224694,-0.721648509
ASHBRYS,Ashburys,ASHBRYS,9100ASHBRYS,Ashburys,West Gorton,53.47163781,-2.19443633
ASHCHRC,Ashchurch for Tewkesbury,ASHCHRC,9100ASHCHRC,Ashchurch,Tewkesbury,51.99890404,-2.108759944
ASFIELD,Ashfield,ASFIELD,9100ASFIELD,Parkhouse,Glasgow,55.88892181,-4.249214115
ASFDMSX,Ashford (Surrey),ASFDMSX,9100ASFDMSX,Ashford,,51.4365072,-0.468070916
ASHFKY,Ashford International,ASHFKY,9100ASHFKY,Ashford,,51.14370586,0.876197379
ASHGTN,Ashington,ASHGTN,9100ASHGTN,Ashington,,55.18224,-1.57278
ASHLEY,Ashley,ASHLEY,9100ASHLEY,Ashley,,53.35572366,-2.341460426
ASHYDN,Ashley Down,ASHYDN,9100ASHYDN,Horfield,Bristol,51.47875,-2.5767
ASHD,Ashtead,ASHD,9100ASHD,Ashtead,,51.31787379,-0.307571685
ASHONUL,Ashton-under-Lyne,ASHONUL,9100ASHONUL,Ashton-under-Lyne,,53.49127289,-2.094312271
ASHURST,Ashurst (Kent),ASHURST,9100ASHURST,Ashurst,,51.1286628,0.152652203
LYNDHRD,Ashurst New Forest,LYNDHRD,9100LYNDHRD,Ashurst,,50.88985038,-1.526630693
ASHWELC,Ashwell & Morden,ASHWELC,9100ASHWELC,Odsey,,52.03077215,-0.109788837
ASKAM,Askam,ASKAM,9100ASKAM,Askam-in-Furness,,54.18892964,-3.204511191
ASLCKTN,Aslockton,ASLCKTN,9100ASLCKTN,Aslockton,,52.95154976,-0.898097523
ASPTRIA,Aspatria,ASPTRIA,9100ASPTRIA,Aspatria,,54.75895619,-3.331873603
ASPLEYG,Aspley Guise,ASPLEYG,9100ASPLEYG,Aspley Guise,,52.02123685,-0.632334423
ASTON,Aston,ASTON,9100ASTON,Aston,Birmingham,52.50423066,-1.871933538
ATHRSTN,Atherstone,ATHRSTN,9100ATHRSTN,Atherstone,,52.5789712,-1.552811308
ATHERTN,Atherton,ATHERTN,9100ATHERTN,Hag Fold,Atherton,53.52914388,-2.478971993
ATADALE,Attadale,ATADALE,9100ATADALE,Attadale,,57.39503656,-5.455577052
ATNBRO,Attenborough,ATNBRO,9100ATNBRO,Attenborough,,52.90621295,-1.23141548
ATTLBON,Attleborough,ATTLBON,9100ATTLBON,Attleborough,,52.51454794,1.022347746
ACHILCK,Auchinleck,ACHILCK,9100ACHILCK,Auchinleck,,55.47027326,-4.295349187
AUDLEYE,Audley End,AUDLEYE,9100AUDLEYE,Audley End,,52.00443984,0.207305691
AGHTNPH,Aughton Park,AGHTNPH,9100AGHTNPH,Aughton Park,,53.55424742,-2.895220814
AVIEMRE,Aviemore,AVIEMRE,9100AVIEMRE,Aviemore,,57.1885118,-3.828867178
AVNCLFF,Avoncliff,AVNCLFF,9100AVNCLFF,Avoncliff,,51.33965085,-2.281325279
AVONMTH,Avonmouth,AVONMTH,9100AVONMTH,Avonmouth,Bristol,51.50036216,-2.699466108
AXMNSTR,Axminster,AXMNSTR,9100AXMNSTR,Axminster,,50.7792712,-3.004723097
AYLSBRY,Aylesbury,AYLSBRY,9100AYLSBRY,Aylesbury,,51.81389058,-0.815095905
AYLSPWY,Aylesbury Vale Parkway,AYLSPWY,9100AYLSPWY,Aylesbury,,51.83115902,-0.860182342
AYLESFD,Aylesford,AYLESFD,9100AYLESFD,Aylesford,,51.30131784,0.466170684
ALSHAM,Aylesham,ALSHAM,9100ALSHAM,Aylesham,,51.2272543,1.209452905
AYRR,Ayr,AYRR,9100AYRR,Ayr,,55.45814203,-4.625875615
BACHE,Bache,BACHE,9100BACHE,Bache,Chester,53.20878566,-2.891670046
BGLAN,Baglan,BGLAN,9100BGLAN,Baglan,,51.61554075,-3.811135755
BAGSHOT,Bagshot,BAGSHOT,9100BAGSHOT,Bagshot,,51.36436752,-0.688661911
BAILDON,Baildon,BAILDON,9100BAILDON,Baildon,Shipley,53.85022429,-1.753636189
BALISTN,Baillieston,BALISTN,9100BALISTN,Baillieston,Glasgow,55.84450099,-4.1136984
BALCOMB,Balcombe,BALCOMB,9100BALCOMB,Balcombe,,51.05552166,-0.136933678
BALDOCK,Baldock,BALDOCK,9100BALDOCK,Baldock,,51.99287121,-0.187563674
BLGRY,Balgray,BLGRY,9100BLGRY,Barrhead,,55.787299,-4.381326
BALHAM,Balham,BALHAM,9100BALHAM,Balham,London,51.44322487,-0.152424416
BALLOCH,Balloch,BALLOCH,9100BALLOCH,Balloch,,56.00293367,-4.583485406
BALMOSS,Balmossie,BALMOSS,9100BALMOSS,Monifieth,,56.47456561,-2.838955776
BMBRBDG,Bamber Bridge,BMBRBDG,9100BMBRBDG,Bamber Bridge,,53.72686651,-2.660774978
BAMFORD,Bamford,BAMFORD,9100BAMFORD,Bamford,,53.33899975,-1.689081726
BANAVIE,Banavie,BANAVIE,9100BANAVIE,Banavie,Fort William,56.84330827,-5.095425585
BNBR,Banbury,BNBR,9100BNBR,Banbury,,52.06030818,-1.328132757
BANGOR,Bangor (Gwynedd),BANGOR,9100BANGOR,Bangor,,53.22228257,-4.135879932
BNKHALL,Bank Hall,BNKHALL,9100BNKHALL,Kirkdale,Liverpool,53.43749336,-2.987511401
BANSTED,Banstead,BANSTED,9100BANSTED,Banstead,,51.32934885,-0.213158852
BARASIE,Barassie,BARASIE,9100BARASIE,Barassie,,55.56105871,-4.651138498
BRDNML,Bardon Mill,BRDNML,9100BRDNML,Bardon Mill,,54.97449362,-2.346504436
BARELA,Bare Lane,BARELA,9100BARELA,Bare,Morecambe,54.0745414,-2.835330419
BRGDDIE,Bargeddie,BRGDDIE,9100BRGDDIE,Bargeddie,,55.85129129,-4.073807352
BARGOED,Bargoed,BARGOED,9100BARGOED,Bargoed,,51.69230918,-3.229679557
BARKING,Barking,BARKING,9100BARKING,Barking,London,51.53949472,0.080902514
BARKRIV,Barking Riverside,BARKRIV,9100BARKRIV,Creekmouth,London,,
BARLSTN,Barlaston,BARLSTN,9100BARLSTN,Barlaston,,52.94287216,-2.168111108
BARMING,Barming,BARMING,9100BARMING,Barming,Maidstone,51.2848952,0.478958203
BRMOUTH,Barmouth,BRMOUTH,9100BRMOUTH,Barmouth,,52.72289057,-4.05659575
BRNHRST,Barnehurst,BRNHRST,9100BRNHRST,Barnehurst,London,51.46495913,0.159646308
BARNES,Barnes,BARNES,9100BARNES,Barnes,London,51.46708609,-0.242164211
BNSBDGE,Barnes Bridge,BNSBDGE,9100BNSBDGE,Barnes,London,51.47200852,-0.252630156
BNTBY,Barnetby,BNTBY,9100BNTBY,Barnetby le Wold,,53.575121,-0.409679626
BRHM,Barnham,BRHM,9100BRHM,Barnham,,50.83090653,-0.639679871
BNHL,Barnhill,BNHL,9100BNHL,Petershill,Glasgow,55.87748981,-4.223004877
BNSLY,Barnsley,BNSLY,9100BNSLY,Barnsley,,53.55430079,-1.477164683
BRNSTPL,Barnstaple,BRNSTPL,9100BRNSTPL,Barnstaple,,51.07396953,-4.063116853
BGRN,Barnt Green,BGRN,9100BGRN,Barnt Green,,52.36108827,-1.992466496
BRHD,Barrhead,BRHD,9100BRHD,Barrhead,,55.80375299,-4.397283267
BRRHL,Barrhill,BRRHL,9100BRRHL,Barrhill,,55.09700465,-4.781781055
BARWHVN,Barrow Haven,BARWHVN,9100BARWHVN,Barrow Haven,,53.69742092,-0.392955159
BAROWOS,Barrow upon Soar,BAROWOS,9100BAROWOS,Barrow-upon-Soar,,52.74933565,-1.14484294
BAROW,Barrow-in-Furness,BAROW,9100BAROW,Barrow-in-Furness,,54.11900014,-3.226120335
BARRY,Barry,BARRY,9100BARRY,Barry,,51.3967826,-3.284984366
BARRYDK,Barry Docks,BARRYDK,9100BARRYDK,Barry,,51.40244166,-3.260703348
BARRYIS,Barry Island,BARRYIS,9100BARRYIS,Barry,,51.39241342,-3.27336342
BRRYLNK,Barry Links,BRRYLNK,9100BRRYLNK,Barry,,56.49314888,-2.745441724
BRTHMBR,Barton-on-Humber,BRTHMBR,9100BRTHMBR,Barton-upon-Humber,,53.68891863,-0.443436656
BASILDN,Basildon,BASILDN,9100BASILDN,Basildon Town Centre,Basildon,51.56810649,0.456788965
BSNGSTK,Basingstoke,BSNGSTK,9100BSNGSTK,Basingstoke,,51.26835691,-1.087263719
BATABAL,Bat & Ball,BATABAL,9100BATABAL,Bat & Ball,Sevenoaks,51.28976078,0.194227574
BATHSPA,Bath Spa,BATHSPA,9100BATHSPA,Bath,,51.37768623,-2.35701815
BTHGATE,Bathgate,BTHGATE,9100BTHGATE,Bathgate,,55.8971522,-3.636096071
BATLEY,Batley,BATLEY,9100BATLEY,Batley,,53.70994134,-1.622952454
BTRSBY,Battersby,BTRSBY,9100BTRSBY,Battersby,,54.45768,-1.092971749
BATRSPK,Battersea Park,BATRSPK,9100BATRSPK,Battersea,London,51.47695975,-0.14753344
BATTLE,Battle,BATTLE,9100BATTLE,Battle,,50.91291557,0.494702895
BTLSBDG,Battlesbridge,BTLSBDG,9100BTLSBDG,Battlesbridge,,51.6248254,0.565285635
BAYFORD,Bayford,BAYFORD,9100BAYFORD,Bayford,,51.75771643,-0.095609939
BCNSFLD,Beaconsfield,BCNSFLD,9100BCNSFLD,Beaconsfield,,51.61129124,-0.643822198
BEARLEY,Bearley,BEARLEY,9100BEARLEY,Bearley,,52.24441042,-1.750255281
BSDN,Bearsden,BSDN,9100BSDN,Bearsden,,55.91712933,-4.332020128
BSTD,Bearsted,BSTD,9100BSTD,Bearsted,,51.27582146,0.577580482
BEASDAL,Beasdale,BEASDAL,9100BEASDAL,Beasdale,,56.89955381,-5.763801474
BEULYPK,Beaulieu Park,BEULYPK,9100BEULYPK,Beaulieu,,51.758057,0.5183357
BLIEURD,Beaulieu Road,BLIEURD,9100BLIEURD,Beaulieu,,50.85504859,-1.504749467
BEAULY,Beauly,BEAULY,9100BEAULY,Beauly,,57.47828254,-4.469865777
BEBNGTN,Bebington,BEBNGTN,9100BEBNGTN,Bebington,,53.35765386,-3.003634673
BECCLES,Beccles,BECCLES,9100BECCLES,Beccles,,52.4585225,1.569493568
BCKNHMH,Beckenham Hill,BCKNHMH,9100BCKNHMH,Southend,London,51.42458255,-0.01595103
BCKNHMJ,Beckenham Junction,BCKNHMJ|BCKNMJC,9100BCKNHMJ,Beckenham,London,51.41103511,-0.025812742
BEDFDM,Bedford,BEDFDM,9100BEDFDM,Bedford,,52.13618736,-0.4794423
BESJOHN,Bedford St Johns,BESJOHN,9100BESJOHN,Bedford,,52.12947815,-0.467500948
BDHMPTN,Bedhampton,BDHMPTN,9100BDHMPTN,Bedhampton,Havant,50.85395672,-0.99582833
BDLNTN,Bedlington,BDLNTN,9100BDLNTN,Bedlington Station,Bedlington,55.14051,-1.56867
BDMNSTR,Bedminster,BDMNSTR,9100BDMNSTR,Bedminster,Bristol,51.44008788,-2.594148945
BEDWRTH,Bedworth,BEDWRTH,9100BEDWRTH,Bedworth,,52.4792967,-1.467392077
BEDYN,Bedwyn,BEDYN,9100BEDYN,Bedwyn,Great Bedwyn,51.37964003,-1.598786096
BESTON,Beeston,BESTON,9100BESTON,Beeston,,52.92075481,-1.207657889
BEKSBRN,Bekesbourne,BEKSBRN,9100BEKSBRN,Bekesbourne,,51.26135756,1.13670784
BLLVUE,Belle Vue,BLLVUE,9100BLLVUE,Belle Vue,Manchester,53.46237461,-2.180506959
BLGRVE,Bellgrove,BLGRVE,9100BLGRVE,Gallowgate,Glasgow,55.85670422,-4.224373933
BELNGHM,Bellingham,BELNGHM,9100BELNGHM,Bellingham,London,51.43291306,-0.019330724
BLSHL,Bellshill,BLSHL,9100BLSHL,Bellshill,,55.81706346,-4.024499084
BELM,Belmont,BELM,9100BELM,Belmont,London,51.3438148,-0.198855045
BELPER,Belper,BELPER,9100BELPER,Belper,,53.02375839,-1.482510342
BLTRNAB,Beltring,BLTRNAB,9100BLTRNAB,Beltring,,51.20470872,0.403495596
BELVEDR,Belvedere,BELVEDR,9100BELVEDR,Belvedere,London,51.4921182,0.152286191
BEMPTON,Bempton,BEMPTON,9100BEMPTON,Bempton,,54.12765935,-0.180456763
BNRHYDN,Ben Rhydding,BNRHYDN,9100BNRHYDN,Ben Rhydding,Ilkley,53.92571405,-1.797430057
BENFLET,Benfleet,BENFLET,9100BENFLET,South Benfleet,,51.54394507,0.561713471
BNTHAM,Bentham,BNTHAM,9100BNTHAM,High Bentham,,54.11551728,-2.510676151
BNTEY,Bentley (Hants),BNTEY,9100BNTEY,Bentley,,51.18123308,-0.868126804
BTLYSY,Bentley (S Yorks),BTLYSY,9100BTLYSY,Bentley,Doncaster,53.5439364,-1.150948476
BEREALS,Bere Alston,BEREALS,9100BEREALS,Bere Alston,,50.48559364,-4.200354478
BEREFRS,Bere Ferrers,BEREFRS,9100BEREFRS,Bere Ferrers,,50.45127694,-4.18143423
BERKHMD,Berkhamsted,BERKHMD,9100BERKHMD,Berkhamsted,,51.76313385,-0.5620129
BKSWELL,Berkswell,BKSWELL,9100BKSWELL,Berkswell,Solihull,52.39588093,-1.642840294
BERMPRK,Bermuda Park,BERMPRK,9100BERMPRK,Nuneaton,,52.50143363,-1.472177598
BRNYARM,Berney Arms,BRNYARM,9100BRNYARM,Berney Arms,,52.58978716,1.630375656
BERRYB,Berry Brow,BERRYB,9100BERRYB,Berry Brow,Huddersfield,53.6210407,-1.793432077
BRLANDS,Berrylands,BRLANDS,9100BRLANDS,Berrylands,London,51.39904518,-0.28071359
BERWICK,Berwick (Sussex),BERWICK,9100BERWICK,Berwick,,50.84037829,0.1660177
BRWCKUT,Berwick-upon-Tweed,BRWCKUT,9100BRWCKUT,Berwick-upon-Tweed,,55.77433725,-2.010973328
BESCRLA,Bescar Lane,BESCRLA,9100BESCRLA,Bescar Lane,,53.62385227,-2.91461053
BSCTSTA,Bescot Stadium,BSCTSTA,9100BSCTSTA,Bescot,Walsall,52.56309314,-1.991105477
BTCHWTH,Betchworth,BTCHWTH,9100BTCHWTH,Betchworth,,51.24818921,-0.266972937
BTHNLGR,Bethnal Green,BTHNLGR,9100BTHNLGR,Bethnal Green,London,51.52391727,-0.059567964
BETSYCD,Betws-y-Coed,BETSYCD,9100BETSYCD,Betws-y-Coed,,53.09206645,-3.800861336
BEVERLY,Beverley,BEVERLY,9100BEVERLY,Beverley,,53.84227351,-0.422980046
BEXHILL,Bexhill,BEXHILL,9100BEXHILL,Bexhill,,50.84104243,0.477016708
BEXLEY,Bexley,BEXLEY,9100BEXLEY,Bexley,London,51.44021948,0.147902586
BXLYHTH,Bexleyheath,BXLYHTH,9100BXLYHTH,Bexleyheath,London,51.46350015,0.133734962
BCSTN,Bicester North,BCSTN,9100BCSTN,Bicester,,51.90348276,-1.150383403
BCSTRTN,Bicester Village,BCSTRTN,9100BCSTRTN,Bicester,,51.89302342,-1.148764133
BICKLEY,Bickley,BICKLEY,9100BICKLEY,Bickley,London,51.40010421,0.045240627
BDSTON,Bidston,BDSTON,9100BDSTON,Bidston,Birkenhead,53.40913653,-3.078560579
BIGLSWD,Biggleswade,BIGLSWD,9100BIGLSWD,Biggleswade,,52.08467985,-0.261187114
BILBROK,Bilbrook,BILBROK,9100BILBROK,Bilbrook,,52.62371784,-2.186087736
BILERCY,Billericay,BILERCY,9100BILERCY,Billericay,,51.62888366,0.418629722
BLNGHM,Billingham,BLNGHM,9100BLNGHM,Billingham,,54.6056061,-1.279719553
BILSHST,Billingshurst,BILSHST,9100BILSHST,Billingshurst,,51.01520448,-0.450302154
BINGHAM,Bingham,BINGHAM,9100BINGHAM,Bingham,,52.95419066,-0.951543251
BNGY,Bingley,BNGY,9100BNGY,Bingley,,53.84861409,-1.837322286
BCHGRV,Birchgrove,BCHGRV,9100BCHGRV,Birchgrove,Cardiff,51.52155619,-3.201853234
BCNGNOS,Birchington-on-Sea,BCNGNOS,9100BCNGNOS,Birchington-on-Sea,,51.37749259,1.301408596
BIRCHWD,Birchwood,BIRCHWD,9100BIRCHWD,Birchwood,Warrington,53.41271814,-2.525307884
BIRKBCK,Birkbeck,BIRKBCK,9100BIRKBCK,Anerley,London,51.4038916,-0.055738658
BKDLE,Birkdale,BKDLE,9100BKDLE,Birkdale,Southport,53.63404958,-3.014449609
BRKNHDC,Birkenhead Central,BRKNHDC,9100BRKNHDC,Birkenhead,,53.38831339,-3.020820654
HAMTSQ,Birkenhead Hamilton Square,HAMTSQ,9100HAMTSQ,Birkenhead,,53.3946935,-3.013679663
BRKNHDN,Birkenhead North,BRKNHDN,9100BRKNHDN,Birkenhead,,53.40443464,-3.057533143
BRKNHDP,Birkenhead Park,BRKNHDP,9100BRKNHDP,Birkenhead Park,Birkenhead,53.39740532,-3.039100778
BHAMINT,Birmingham International,BHAMINT,9100BHAMINT,National Exhibition Centre,Solihull,52.45080697,-1.725856666
BHAMMRS,Birmingham Moor Street,BHAMMRS,9100BHAMMRS,Birmingham,,52.47907921,-1.892472507
BHAMNWS,Birmingham New Street,BHAMNWS,9100BHAMNWS,Birmingham,,52.47781839,-1.900205346
BHAMSNH,Birmingham Snow Hill,BHAMSNH,9100BHAMSNH,Birmingham,,52.48335526,-1.899088459
BSAUKLD,Bishop Auckland,BSAUKLD,9100BSAUKLD,Bishop Auckland,,54.65719527,-1.67771491
BSAUWEA,Bishop Auckland West,BSAUWEA,9100BSAUWEA,Bishop Auckland,,54.65711658,-1.681947142
BSPSLYD,Bishop's Lydeard,BSPSLYD,9100BSPSLYD,Bishops Lydeard,,51.05458642,-3.194329759
BSHB,Bishopbriggs,BSHB,9100BSHB,Bishopbriggs,,55.90387809,-4.224914749
BSHPSFD,Bishops Stortford,BSHPSFD,9100BSHPSFD,Bishops Stortford,,51.86669138,0.164894196
BSSN,Bishopstone,BSSN,9100BSSN,Bishopstone,,50.78014353,0.082757009
BISHPTN,Bishopton,BISHPTN,9100BISHPTN,Bishopton,,55.90226398,-4.500486466
BITERNE,Bitterne,BITERNE,9100BITERNE,Bitterne,Southampton,50.91822082,-1.376999471
BLKB,Blackburn,BLKB,9100BLKB,Blackburn,,53.74651608,-2.479122052
BLKHTH,Blackheath,BLKHTH,9100BLKHTH,Blackheath,London,51.46579624,0.008871956
BLCHSRD,Blackhorse Road,BLCHSRD,9100BLCHSRD,Blackhorse Road,Walthamstow,51.58660548,-0.04123566
BLCKPLN,Blackpool North,BLCKPLN,9100BLCKPLN,Blackpool,,53.82191481,-3.049274654
BLCKPB,Blackpool Pleasure Beach,BLCKPB,9100BLCKPB,Pleasure Beach,Blackpool,53.78795223,-3.053875955
BLCKS,Blackpool South,BLCKS,9100BLCKS,Blackpool,,53.79870075,-3.048937812
BLKRDGE,Blackridge,BLKRDGE,9100BLKRDGE,Blackridge,,55.88425139,-3.750796669
BLRD,Blackrod,BLRD,9100BLRD,Blackrod,,53.59152198,-2.569523943
BCKWATR,Blackwater,BCKWATR,9100BCKWATR,Blackwater,,51.33158158,-0.776740936
BLAENAU,Blaenau Ffestiniog,BLAENAU,9100BLAENAU,Blaenau Ffestiniog,,52.99454837,-3.93859493
BLARATH,Blair Atholl,BLARATH,9100BLARATH,Blair Atholl,,56.76554598,-3.85022796
BLAIRHL,Blairhill,BLAIRHL,9100BLAIRHL,Blairhill,Coatbridge,55.86645081,-4.043290312
BLKST,Blake Street,BLKST,9100BLKST,Hill Hook,,52.60488474,-1.844914382
BLAKEDN,Blakedown,BLAKEDN,9100BLAKEDN,Blakedown,,52.40640079,-2.176865381
BLANTYR,Blantyre,BLANTYR,9100BLANTYR,Blantyre,,55.7973256,-4.086970743
BLAYDON,Blaydon,BLAYDON,9100BLAYDON,Blaydon,Gateshead,54.96578852,-1.712580696
BLEASBY,Bleasby,BLEASBY,9100BLEASBY,Bleasby,,53.04136506,-0.943687436
BLTCHLY,Bletchley,BLTCHLY,9100BLTCHLY,Bletchley,Milton Keynes,51.99533445,-0.736320418
BLOXWCH,Bloxwich,BLOXWCH,9100BLOXWCH,Bloxwich,Walsall,52.61820027,-2.011477826
BLOXN,Bloxwich North,BLOXN,9100BLOXN,Bloxwich,Walsall,52.62543623,-2.017684363
BLNDLAC,Blundellsands & Crosby,BLNDLAC,9100BLNDLAC,Blundellsands,Crosby,53.48768343,-3.039859775
BYBEB,Blyth Bebside,BYBEB,9100BYBEB,Blyth,,55.12486,-1.55711
BLYBDGE,Blythe Bridge,BLYBDGE,9100BLYBDGE,Blythe Bridge,,52.96814227,-2.066961108
BODMNPW,Bodmin Parkway,BODMNPW,9100BODMNPW,Bodmin,,50.44586276,-4.662928351
BODORGN,Bodorgan,BODORGN,9100BODORGN,Bodorgan,,53.20430194,-4.418003188
BOGNORR,Bognor Regis,BOGNORR,9100BOGNORR,Bognor Regis,,50.78655906,-0.676178201
BOGSTON,Bogston,BOGSTON,9100BOGSTON,Bogston,Port Glasgow,55.93704157,-4.711400976
BOLTON,Bolton,BOLTON,9100BOLTON,Bolton,,53.57414325,-2.425824638
BLTNODR,Bolton-Upon-Dearne,BLTNODR,9100BLTNODR,Bolton-upon-Dearne,,53.51894653,-1.311546023
BONDST,Bond Street,BONDST,9100BONDST,Bond Street,London,,
BOOKHAM,Bookham,BOOKHAM,9100BOOKHAM,Little Bookham,,51.28873866,-0.384020606
BOOTLE,Bootle (Cumbria),BOOTLE,9100BOOTLE,Bootle,,54.29130201,-3.393861642
BOOTLNS,Bootle New Strand,BOOTLNS,9100BOOTLNS,Bootle,,53.45338857,-2.994747243
BOOTLOR,Bootle Oriel Road,BOOTLOR,9100BOOTLOR,Bootle,,53.44662072,-2.995733395
BRDS,Bordesley,BRDS,9100BRDS,Bordesley,Birmingham,52.47187299,-1.877768634
BORWGAW,Borough Green & Wrotham,BORWGAW,9100BORWGAW,Borough Green,,51.29321924,0.306245061
BORTH,Borth,BORTH,9100BORTH,Borth,,52.491027,-4.050176191
BOSHAM,Bosham,BOSHAM,9100BOSHAM,Bosham,,50.84274762,-0.847431142
BOSTON,Boston,BOSTON,9100BOSTON,Boston,,52.97808994,-0.031003152
BOTLEY,Botley,BOTLEY,9100BOTLEY,Botley,,50.91645427,-1.259236376
BOTESFD,Bottesford,BOTESFD,9100BOTESFD,Bottesford,,52.94461452,-0.794842619
BORNEND,Bourne End,BORNEND,9100BORNEND,Bourne End,,51.5771179,-0.71047346
BOMO,Bournemouth,BOMO,9100BOMO,Bournemouth,,50.72727332,-1.864502947
BOURNVL,Bournville,BOURNVL,9100BOURNVL,Bournville,Birmingham,52.42696312,-1.92642383
BOWBRKH,Bow Brickhill,BOWBRKH,9100BOWBRKH,Bow Brickhill,,52.00430073,-0.696077747
BOWSTRT,Bow Street,BOWSTRT,9100BOWSTRT,Bow Street,,52.439914,-4.03036
BOWESPK,Bowes Park,BOWESPK,9100BOWESPK,Wood Green,London,51.60701188,-0.120581874
BOWLING,Bowling,BOWLING,9100BOWLING,Bowling,,55.93107941,-4.493841526
BOXHAWH,Box Hill & Westhumble,BOXHAWH,9100BOXHAWH,Box Hill,,51.25401185,-0.328489875
BRACKNL,Bracknell,BRACKNL,9100BRACKNL,Bracknell,,51.41309189,-0.751703561
BRADFS,Bradford Forster Square,BRADFS,9100BRADFS,Bradford,,53.79692441,-1.752961539
BRADIN,Bradford Interchange,BRADIN,9100BRADIN,Bradford,,53.79107525,-1.749595701
BRDFDOA,Bradford-on-Avon,BRDFDOA,9100BRDFDOA,Bradford on Avon,,51.34491418,-2.252326642
BRDING,Brading,BRDING,9100BRDING,Brading,,50.67837193,-1.138722332
BRAINTR,Braintree,BRAINTR,9100BRAINTR,Braintree,,51.87539168,0.556687108
BRAINFP,Braintree Freeport,BRAINFP,9100BRAINFP,Braintree,,51.86941614,0.568434815
BMHL,Bramhall,BMHL,9100BMHL,Bramhall,,53.36061266,-2.163592604
BMLY,Bramley (Hants),BMLY,9100BMLY,Bramley,,51.33029324,-1.061002674
BRMLYSR,Bramley (West Yorks),BRMLYSR,9100BRMLYSR,Bramley,Leeds,53.80534873,-1.637206174
BRMPTNC,Brampton (Cumbria),BRMPTNC,9100BRMPTNC,Brampton,,54.93239028,-2.702947192
BRAMPTN,Brampton (Suffolk),BRAMPTN,9100BRAMPTN,Brampton,,52.39543504,1.543810766
BRNCHTN,Branchton,BRNCHTN,9100BRNCHTN,Branchton,Greenock,55.94059564,-4.803548112
BNDON,Brandon,BNDON,9100BNDON,Brandon,,52.45400742,0.624731868
BRANKSM,Branksome,BRANKSM,9100BRANKSM,Branksome Park,Poole,50.7269646,-1.9197582
BRYSTNS,Braystones,BRYSTNS,9100BRYSTNS,Braystones,,54.43936,-3.541825755
BREDBRY,Bredbury,BREDBRY,9100BREDBRY,Bredbury,,53.42315332,-2.110488037
BREICH,Breich,BREICH,9100BREICH,Breich,,55.82731225,-3.668125136
BRENTX,Brent Cross West,BRENTX,9100BRENTX,Brent Cross,Golders Green,51.568429,-0.22548819
BNTFORD,Brentford,BNTFORD,9100BNTFORD,Brentford,London,51.48754691,-0.309650918
BRTWOOD,Brentwood,BRTWOOD,9100BRTWOOD,Brentwood,,51.61360524,0.299585881
BCWD,Bricket Wood,BCWD,9100BCWD,Bricket Wood,,51.70542789,-0.359114962
BGOALAN,Bridge of Allan,BGOALAN,9100BGOALAN,Bridge of Allan,,56.15663514,-3.957228511
BOORCHY,Bridge of Orchy,BOORCHY,9100BOORCHY,Bridge Of Orchy,,56.51586699,-4.76299278
BRGEND,Bridgend,BRGEND,9100BRGEND,Bridgend,,51.50697351,-3.575275683
BRIDGTN,Bridgeton,BRIDGTN,9100BRIDGTN,Bridgeton,Glasgow,55.8489626,-4.226056279
BRDGWTR,Bridgwater,BRDGWTR,9100BRDGWTR,Bridgwater,,51.12785634,-2.990405477
BRDLNGT,Bridlington,BRDLNGT,9100BRDLNGT,Bridlington,,54.08413127,-0.19872031
BRIERFL,Brierfield,BRIERFL,9100BRIERFL,Brierfield,,53.8239804,-2.236489912
BRGG,Brigg,BRGG,9100BRGG,Brigg,,53.5491451,-0.486124677
BRHOUSE,Brighouse,BRHOUSE,9100BRHOUSE,Brighouse,,53.69819729,-1.779438837
BRGHTN,Brighton,BRGHTN,9100BRGHTN,Brighton,,50.82900477,-0.141280283
BRIMSDN,Brimsdown,BRIMSDN,9100BRIMSDN,Brimsdown,London,51.65558337,-0.03081735
BRNGTN,Brinnington,BRNGTN,9100BRNGTN,Brinnington,,53.43211646,-2.135119879
NRHFILT,Bristol Brabazon,NRHFILT,9100NRHFILT,Filton,,51.517582,-2.5803706
BRSTPWY,Bristol Parkway,BRSTPWY,9100BRSTPWY,Stoke Gifford,,51.51380121,-2.542163064
BRSTLTM,Bristol Temple Meads,BRSTLTM,9100BRSTLTM,Bristol,,51.4491439,-2.58131525
BRITHDR,Brithdir,BRITHDR,9100BRITHDR,Brithdir,,51.71030249,-3.228720206
REDCBSC,British Steel Redcar,REDCBSC,9100REDCBSC,Redcar,,54.60988955,-1.112661165
BRITFRY,Briton Ferry,BRITFRY,9100BRITFRY,Briton Ferry,,51.63789597,-3.819252246
BRIXTON,Brixton,BRIXTON,9100BRIXTON,Brixton,London,51.46329893,-0.114183399
BROADGR,Broad Green,BROADGR,9100BROADGR,Broadgreen,Liverpool,53.40650329,-2.893483913
BRBM,Broadbottom,BRBM,9100BRBM,Broadbottom,,53.44097377,-2.01652077
BRSR,Broadstairs,BRSR,9100BRSR,Broadstairs,,51.36067475,1.433560699
BKNHRST,Brockenhurst,BKNHRST,9100BKNHRST,Brockenhurst,,50.81684095,-1.573531003
BKHLS,Brockholes,BKHLS,9100BKHLS,Brockholes,Holmfirth,53.59697181,-1.769691218
BROCKLY,Brockley,BROCKLY,9100BROCKLY,Brockley,London,51.46464885,-0.037536609
BRWHINS,Brockley Whins,BRWHINS,9100BRWHINS,Brockley Whins,South Shields,54.95954406,-1.46135325
BRMB,Bromborough,BRMB,9100BRMB,Bromborough,,53.32184636,-2.986895361
BRMBRK,Bromborough Rake,BRMBRK,9100BRMBRK,Bromborough,,53.32990619,-2.989468926
BRMCRSS,Bromley Cross,BRMCRSS,9100BRMCRSS,Bromley Cross,,53.61404075,-2.41089878
BROMLYN,Bromley North,BROMLYN,9100BROMLYN,Bromley,London,51.40832772,0.016992721
BROMLYS,Bromley South,BROMLYS,9100BROMLYS,Bromley,London,51.39997632,0.017344113
BRMSGRV,Bromsgrove,BRMSGRV,9100BRMSGRV,Bromsgrove,,52.32060415,-2.049778592
BRBY,Brondesbury,BRBY,9100BRBY,Brondesbury,London,51.54516569,-0.202308655
BRBYPK,Brondesbury Park,BRBYPK,9100BRBYPK,Brondesbury Park,London,51.54069912,-0.210127586
BRKMNPK,Brookmans Park,BRKMNPK,9100BRKMNPK,Brookmans Park,,51.72106176,-0.20454865
BRKWOOD,Brookwood,BRKWOOD,9100BRKWOOD,Brookwood,,51.30375793,-0.635747816
BROOME,Broome,BROOME,9100BROOME,Broome,,52.42277158,-2.885207499
BRFT,Broomfleet,BRFT,9100BRFT,Broomfleet,,53.74020822,-0.671828314
BRORA,Brora,BRORA,9100BRORA,Brora,,58.01295022,-3.852282866
BROUGH,Brough,BROUGH,9100BROUGH,Brough,,53.72696041,-0.578724153
BRFRY,Broughty Ferry,BRFRY,9100BRFRY,Broughty Ferry,,56.46716025,-2.873152298
BROXBRN,Broxbourne,BROXBRN,9100BROXBRN,Broxbourne,,51.7469104,-0.011086639
BRUCGRV,Bruce Grove,BRUCGRV,9100BRUCGRV,Bruce Grove,London,51.59395912,-0.069866988
BRUNDAL,Brundall,BRUNDAL,9100BRUNDAL,Brundall,,52.61948351,1.439298961
BRUNDLG,Brundall Gardens,BRUNDLG,9100BRUNDLG,Brundall,,52.62344331,1.418416392
BRUSTAN,Brunstane,BRUSTAN,9100BRUSTAN,Brunstane,Edinburgh,55.94251073,-3.100986009
BNWK,Brunswick,BNWK,9100BNWK,Dingle,Toxteth,53.38324038,-2.976076867
BRUTON,Bruton,BRUTON,9100BRUTON,Bruton,,51.11163893,-2.447073471
BRYN,Bryn,BRYN,9100BRYN,Bryn,Ashton-in-Makerfield,53.49986653,-2.6472136
BUCKNHM,Buckenham,BUCKNHM,9100BUCKNHM,Buckenham,,52.59773841,1.470325507
BCKY,Buckley,BCKY,9100BCKY,Buckley,,53.1630358,-3.055925675
BKNELL,Bucknell,BKNELL,9100BKNELL,Bucknell,,52.35737892,-2.947377837
CHORBUK,Buckshaw Parkway,CHORBUK,9100CHORBUK,Buckshaw Village,,53.673341,-2.660829872
BUGLE,Bugle,BUGLE,9100BUGLE,Bugle,,50.4003487,-4.7921002
BUILTHR,Builth Road,BUILTHR,9100BUILTHR,Builth Road,,52.16932219,-3.427032587
BULWELL,Bulwell,BULWELL,9100BULWELL,Bulwell,Nottingham,52.99969549,-1.19623044
BURES,Bures,BURES,9100BURES,Bures,,51.97116199,0.769143932
BURGESH,Burgess Hill,BURGESH,9100BURGESH,Burgess Hill,,50.95365612,-0.127412773
BRLEYPK,Burley Park,BRLEYPK,9100BRLEYPK,Burley,Leeds,53.81203018,-1.577767518
BURLYIW,Burley-in-Wharfedale,BURLYIW,9100BURLYIW,Burley-in-Wharfedale,Ilkley,53.90815049,-1.753371916
BAGE,Burnage,BAGE,9100BAGE,Burnage,Manchester,53.42116682,-2.215678114
BNSD,Burneside (Cumbria),BNSD,9100BNSD,Burneside,,54.35497978,-2.766676878
BNHAM,Burnham (Berks),BNHAM,9100BNHAM,Burnham,Slough,51.52350552,-0.646373739
BRNMONC,Burnham-on-Crouch,BRNMONC,9100BRNMONC,Burnham-on-Crouch,,51.63365783,0.814027939
BURNLYB,Burnley Barracks,BURNLYB,9100BURNLYB,Burnley,,53.79087809,-2.25808571
BURNLYC,Burnley Central,BURNLYC,9100BURNLYC,Burnley,,53.79351214,-2.244971019
BURNMR,Burnley Manchester Road,BURNMR,9100BURNMR,Burnley,,53.78496552,-2.24886723
BRSDE,Burnside (Strathclyde),BRSDE,9100BRSDE,Burnside,,55.81692628,-4.202389377
BISLND,Burntisland,BISLND,9100BISLND,Burntisland,,56.05708066,-3.233197745
BRSCGHB,Burscough Bridge,BRSCGHB,9100BRSCGHB,Burscough Bridge,,53.60525656,-2.840879835
BRSCGHJ,Burscough Junction,BRSCGHJ,9100BRSCGHJ,Burscough,,53.59751936,-2.840605247
BURSLDN,Bursledon,BURSLDN,9100BURSLDN,Bursledon,,50.88368819,-1.305032226
BRTJYC,Burton Joyce,BRTJYC,9100BRTJYC,Burton Joyce,,52.98344184,-1.040877506
BURTNOT,Burton-on-Trent,BURTNOT,9100BURTNOT,Burton upon Trent,,52.8058155,-1.642459791
BSTEDMS,Bury St Edmunds,BSTEDMS,9100BSTEDMS,Bury St Edmunds,,52.25376334,0.713306801
BUSBY,Busby,BUSBY,9100BUSBY,Busby,,55.78033939,-4.262200748
BHILLPK,Bush Hill Park,BHILLPK,9100BHILLPK,Bush Hill Park,Enfield,51.64151854,-0.069221032
BUSHYDC,Bushey,BUSHYDC|BUSHEY,9100BUSHYDC,Bushey,Watford,51.6457513,-0.385321191
BTLRSLA,Butlers Lane,BTLRSLA,9100BTLRSLA,Mere Green,,52.59246962,-1.838020105
BXTD,Buxted,BXTD,9100BXTD,Buxted,,50.99001278,0.131439012
BUXTON,Buxton,BUXTON,9100BUXTON,Buxton,,53.26072125,-1.912863363
BYFLANH,Byfleet & New Haw,BYFLANH,9100BYFLANH,Byfleet,,51.34979665,-0.481389688
BYNEA,Bynea,BYNEA,9100BYNEA,Bynea,,51.6720317,-4.098880735
CADOXTN,Cadoxton,CADOXTN,9100CADOXTN,Cadoxton,Barry,51.41227956,-3.248895364
CAERGWL,Caergwrle,CAERGWL,9100CAERGWL,Caergwrle,,53.10786315,-3.032912766
CRPHLY,Caerphilly,CRPHLY,9100CRPHLY,Caerphilly,,51.57157711,-3.218481989
CARSWS,Caersws,CARSWS,9100CARSWS,Caersws,,52.51612401,-3.432498148
CLDRCRX,Caldercruix,CLDRCRX,9100CLDRCRX,Caldercruix,,55.88794298,-3.887711087
CDCOT,Caldicot,CDCOT,9100CDCOT,Caldicot,,51.58479025,-2.760573479
CLDNNRB,Caledonian Road & Barnsbury,CLDNNRB,9100CLDNNRB,Barnsbury,London,51.5430408,-0.116729169
CALSTCK,Calstock,CALSTCK,9100CALSTCK,Calstock,,50.49779719,-4.208987537
DURSLEY,Cam & Dursley,DURSLEY,9100DURSLEY,Cam,,51.71761891,-2.359082665
CMBLEY,Camberley,CMBLEY,9100CMBLEY,Camberley,,51.33632762,-0.744271631
CBORNE,Camborne,CBORNE,9100CBORNE,Camborne,,50.21043625,-5.297410798
CAMBDGE,Cambridge,CAMBDGE,9100CAMBDGE,Cambridge,,52.19406727,0.137456553
CAMHTH,Cambridge Heath (London),CAMHTH,9100CAMHTH,Bethnal Green,London,51.5319727,-0.057278984
CAMBNTH,Cambridge North,CAMBNTH,9100CAMBNTH,Chesterton,Cambridge,52.22448193,0.158478814
CAMBSTH,Cambridge South,CAMBSTH,9100CAMBSTH,Cambridge,,52.174231,0.13154426
CMBSLNG,Cambuslang,CMBSLNG,9100CMBSLNG,Cambuslang,,55.81960607,-4.173008417
CMDNRD,Camden Road,CMDNRD,9100CMDNRD,Camden Town,London,51.54179079,-0.138700821
CAMELON,Camelon,CAMELON,9100CAMELON,Camelon,Falkirk,56.00609157,-3.817605164
CMRNBDG,Cameron Bridge,CMRNBDG,9100CMRNBDG,Windygates,,56.190296,-3.047291
CNDAW,Canada Water,CNDAW,9100CNDAW,Canada Water,London,51.49799009,-0.049719754
CANWHRF,Canary Wharf,CANWHRF,9100CANWHRF,Canary Wharf,London,,
CANLEY,Canley,CANLEY,9100CANLEY,Canley,Coventry,52.39924091,-1.547574705
CNCK,Cannock,CNCK,9100CNCK,Cannock,,52.68616082,-2.022147252
CNNB,Canonbury,CNNB,9100CNNB,Canonbury,London,51.54873225,-0.092190848
CNTBE,Canterbury East,CNTBE,9100CNTBE,Canterbury,,51.27426782,1.075968566
CNTBW,Canterbury West,CNTBW,9100CNTBW,Canterbury,,51.28426934,1.075303268
CNTLEY,Cantley,CNTLEY,9100CNTLEY,Cantley,,52.57874812,1.513412326
CPNHRST,Capenhurst,CPNHRST,9100CPNHRST,Capenhurst,,53.26017358,-2.942284782
CARBISB,Carbis Bay,CARBISB,9100CARBISB,Carbis Bay,St Ives,50.19704956,-5.463263052
CDND,Cardenden,CDND,9100CDND,Cardenden,,56.14125542,-3.261641876
CARDFBR,Cardiff Bay,CARDFBR,9100CARDFBR,Cardiff Bay,Cardiff,51.46710856,-3.166402893
CRDFCEN,Cardiff Central,CRDFCEN,9100CRDFCEN,Cardiff,,51.47602539,-3.17930174
CARDFQS,Cardiff Queen Street,CARDFQS,9100CARDFQS,Cardiff,,51.48196153,-3.170180554
CDNL,Cardonald,CDNL,9100CDNL,Cardonald,Glasgow,55.8525684,-4.34069246
CDRS,Cardross,CDRS,9100CDRS,Cardross,,55.96037865,-4.653073203
CARFIN,Carfin,CARFIN,9100CARFIN,Carfin,,55.80733907,-3.956253673
CARK,Cark,CARK,9100CARK,Cark,,54.17795478,-2.97406361
CARLILE,Carlisle,CARLILE,9100CARLILE,Carlisle,,54.89065184,-2.933191633
CRTN,Carlton,CRTN,9100CRTN,Carlton,,52.96508726,-1.078654915
CRLK,Carluke,CRLK,9100CRLK,Carluke,,55.73126489,-3.84892484
CMTHN,Carmarthen,CMTHN,9100CMTHN,Carmarthen,,51.85335257,-4.305960897
CARMYLE,Carmyle,CARMYLE,9100CARMYLE,Carmyle,Glasgow,55.83433678,-4.158180193
CRNF,Carnforth,CRNF,9100CRNF,Carnforth,,54.12967796,-2.771232404
CNST,Carnoustie,CNST,9100CNST,Carnoustie,,56.50056337,-2.706600366
CNTY,Carntyne,CNTY,9100CNTY,Carntyne,Glasgow,55.85487268,-4.178572201
CRPNDPK,Carpenders Park,CRPNDPK,9100CRPNDPK,Carpenders Park,Watford,51.62835115,-0.385939032
CARRBDG,Carrbridge,CARRBDG,9100CARRBDG,Carrbridge,,57.27950133,-3.828202814
CRSHLTN,Carshalton,CRSHLTN,9100CRSHLTN,Carshalton,London,51.36845431,-0.166368456
CRSHLTB,Carshalton Beeches,CRSHLTB,9100CRSHLTB,Carshalton Beeches,London,51.35741096,-0.169796965
CRSTRS,Carstairs,CRSTRS,9100CRSTRS,Carstairs,,55.69104634,-3.668473251
CRTSDYK,Cartsdyke,CRTSDYK,9100CRTSDYK,Cartsdyke,Greenock,55.94221313,-4.731590716
CBARPAR,Castle Bar Park,CBARPAR,9100CBARPAR,West Ealing,Ealing,51.5229305,-0.331548862
CCARY,Castle Cary,CCARY,9100CCARY,Castle Cary,,51.09981479,-2.522794334
CASTLFD,Castleford,CASTLFD,9100CASTLFD,Castleford,,53.72407722,-1.354652595
CSTL,Castleton (Manchester),CSTL,9100CSTL,Castleton,Rochdale,53.5918466,-2.178233914
CTNM,Castleton Moor,CTNM,9100CTNM,Castleton,,54.46714359,-0.9466483
CATERHM,Caterham,CATERHM,9100CATERHM,Caterham,,51.28214149,-0.078307041
CATFORD,Catford,CATFORD,9100CATFORD,Catford,London,51.44440672,-0.026316515
CATFBDG,Catford Bridge,CATFBDG,9100CATFBDG,Catford,London,51.44474074,-0.024791093
CATHAYS,Cathays,CATHAYS,9100CATHAYS,Cathays,Cardiff,51.48889904,-3.178683327
CCRT,Cathcart,CCRT,9100CCRT,Cathcart,Glasgow,55.81766834,-4.260536069
CATTAL,Cattal,CATTAL,9100CATTAL,Cattal,,53.99744005,-1.320534998
CAUSLND,Causeland,CAUSLND,9100CAUSLND,Duloe,,50.40569032,-4.466447844
CEFNYBD,Cefn-y-Bedd,CEFNYBD,9100CEFNYBD,Cefn-y-bedd,,53.09879998,-3.031052729
CHDWLHT,Chadwell Heath,CHDWLHT,9100CHDWLHT,Chadwell Heath,London,51.56803876,0.128958453
CHADHDD,Chafford Hundred,CHADHDD,9100CHADHDD,Chafford Hundred,,51.48555724,0.287447021
CHLFNAL,Chalfont & Latimer,CHLFNAL,9100CHLFNAL,Little Chalfont,,51.66810844,-0.560526316
CHLKWEL,Chalkwell,CHLKWEL,9100CHLKWEL,Chalkwell,Southend-on-Sea,51.53871912,0.670592695
CSFD,Chandlers Ford,CSFD,9100CSFD,Chandlers Ford,,50.98368396,-1.385170246
CHEF,Chapel-en-le-Frith,CHEF,9100CHEF,Chapel en le Frith,,53.31223083,-1.91876238
CHAPLTN,Chapelton (Devon),CHAPLTN,9100CHAPLTN,Chapelton,,51.01653522,-4.024721883
CHPLTWN,Chapeltown,CHPLTWN,9100CHPLTWN,Chapeltown,,53.46233625,-1.466275229
CHPWKSC,Chappel & Wakes Colne,CHPWKSC,9100CHPWKSC,Wakes Colne,,51.92590597,0.758501286
CRNG,Charing (Kent),CRNG,9100CRNG,Charing,,51.20809931,0.790331278
CHRNGXG,Charing Cross (Glasgow),CHRNGXG,9100CHRNGXG,Glasgow,,55.86468173,-4.269819954
CHBURY,Charlbury,CHBURY,9100CHBURY,Charlbury,,51.87242754,-1.489693772
CRLN,Charlton,CRLN,9100CRLN,Charlton,London,51.48681329,0.031257577
CHARTHM,Chartham,CHARTHM,9100CHARTHM,Chartham,,51.25726587,1.018039401
CHASNRD,Chassen Road,CHASNRD,9100CHASNRD,Flixton,,53.4461593,-2.368232872
CHTLRT,Chatelherault,CHTLRT,9100CHTLRT,Allanton,,55.76521874,-4.004674378
CHATHAM,Chatham,CHATHAM,9100CHATHAM,Chatham,,51.38037859,0.521150827
CHHL,Chathill,CHHL,9100CHHL,Chathill,,55.53673284,-1.706375132
CHDH,Cheadle Hulme,CHDH,9100CHDH,Cheadle Hulme,,53.37592874,-2.1883027
CHEAM,Cheam,CHEAM,9100CHEAM,Cheam,London,51.35547892,-0.214167444
CHDNGTN,Cheddington,CHDNGTN,9100CHDNGTN,Cheddington,,51.85791824,-0.662151787
CHELFD,Chelford,CHELFD,9100CHELFD,Chelford,,53.27030984,-2.280577006
CHLMSFD,Chelmsford,CHLMSFD,9100CHLMSFD,Chelmsford City Centre,Chelmsford,51.73637265,0.468572197
CHLSFLD,Chelsfield,CHLSFLD,9100CHLSFLD,Chelsfield,Orpington,51.35625594,0.109069904
CHLTNHM,Cheltenham Spa,CHLTNHM,9100CHLTNHM,Cheltenham,,51.89739729,-2.099619955
CHEPSTW,Chepstow,CHEPSTW,9100CHEPSTW,Chepstow,,51.64017923,-2.671905208
CHTR,Cherry Tree,CHTR,9100CHTR,Cherry Tree,Blackburn,53.73287041,-2.518378829
CHTSEY,Chertsey,CHTSEY,9100CHTSEY,Chertsey,,51.38706886,-0.509316546
CHESHNT,Cheshunt,CHESHNT,9100CHESHNT,Cheshunt,,51.70287619,-0.023959641
CHSSN,Chessington North,CHSSN,9100CHSSN,Chessington,London,51.36404106,-0.30069906
CHSSS,Chessington South,CHSSS,9100CHSSS,Chessington,London,51.35655031,-0.308157496
CHST,Chester,CHST,9100CHST,Chester,,53.19669514,-2.879593538
CHSRD,Chester Road,CHSRD,9100CHSRD,Yenton,Birmingham,52.53564615,-1.832479287
CLST,Chester-le-Street,CLST,9100CLST,Chester-le-Street,,54.85459441,-1.57801525
CHFD,Chesterfield,CHFD,9100CHFD,Chesterfield,,53.23822014,-1.420115822
CHSW,Chestfield & Swalecliffe,CHSW,9100CHSW,Chestfield,Whitstable,51.36024124,1.066930718
CHETNOL,Chetnole,CHETNOL,9100CHETNOL,Chetnole,,50.86636303,-2.572925576
CHCHSTR,Chichester,CHCHSTR,9100CHCHSTR,Chichester,,50.83205343,-0.781748862
CLMN,Chilham,CLMN,9100CLMN,Chilham,,51.24461105,0.97589572
CHLWTH,Chilworth,CHLWTH,9100CHLWTH,Chilworth,,51.21521317,-0.524824057
CHINGFD,Chingford,CHINGFD,9100CHINGFD,Chingford,London,51.63308667,0.009897125
CHNLY,Chinley,CHNLY,9100CHNLY,Chinley,,53.34028991,-1.943940718
CHIPNHM,Chippenham,CHIPNHM,9100CHIPNHM,Chippenham,,51.46248796,-2.115393887
CHSD,Chipstead,CHSD,9100CHSD,Chipstead,,51.30927731,-0.169503146
CHIRK,Chirk,CHIRK,9100CHIRK,Chirk,,52.93308718,-3.065643107
CHSLHRS,Chislehurst,CHSLHRS,9100CHSLHRS,Chislehurst,London,51.40555654,0.057418056
CHISWCK,Chiswick,CHISWCK,9100CHISWCK,Chiswick,London,51.48113662,-0.267835128
CHOLSEY,Cholsey,CHOLSEY,9100CHOLSEY,Cholsey,,51.57020232,-1.158022886
CHORLEY,Chorley,CHORLEY,9100CHORLEY,Chorley,,53.65253607,-2.626840647
CHRW,Chorleywood,CHRW,9100CHRW,Chorleywood,,51.65424862,-0.518319982
CHRISTC,Christchurch,CHRISTC,9100CHRISTC,Christchurch,,50.73821416,-1.784545943
CHRSTSH,Christs Hospital,CHRSTSH,9100CHRSTSH,Christs Hospital,,51.05068601,-0.363556262
CHOS,Church & Oswaldtwistle,CHOS,9100CHOS,Church,,53.75052055,-2.39121186
CHFN,Church Fenton,CHFN,9100CHFN,Church Fenton,,53.82660064,-1.227588772
CSTR,Church Stretton,CSTR,9100CSTR,Church Stretton,,52.53742135,-2.803694332
CILMERY,Cilmeri,CILMERY,9100CILMERY,Cilmery,,52.15052954,-3.456541058
CTMSLNK,City Thameslink,CTMSLNK,9100CTMSLNK,City of London,London,51.51393614,-0.103589563
CLACTON,Clacton-on-Sea,CLACTON,9100CLACTON,Clacton,,51.79400281,1.154091821
CLANDON,Clandon,CLANDON,9100CLANDON,West Clandon,,51.26400526,-0.502766029
CLPM,Clapham (N Yorks),CLPM,9100CLPM,Clapham,,54.10538581,-2.410375939
CLPHHS,Clapham High Street,CLPHHS,9100CLPHHS,Clapham,London,51.46548091,-0.132521606
CLPHMJ1,Clapham Junction,CLPHMJ1|CLPHMJW|CLPHMJM|CLPHMJ2|CLPHMJC,9100CLPHMJ1,Clapham Junction,London,51.4641869,-0.170221399
CLAPTON,Clapton,CLAPTON,9100CLAPTON,Upper Clapton,London,51.56164393,-0.057024575
CLARBRD,Clarbeston Road,CLARBRD,9100CLARBRD,Clarbeston Road,,51.85166518,-4.883547734
CLRKSTN,Clarkston,CLRKSTN,9100CLRKSTN,Clarkston,,55.78934838,-4.275643764
CLAVRDN,Claverdon,CLAVRDN,9100CLAVRDN,Claverdon,,52.27709043,-1.696559824
CLYGATE,Claygate,CLYGATE,9100CLYGATE,Claygate,,51.36121401,-0.348247717
CLTHRPS,Cleethorpes,CLTHRPS,9100CLTHRPS,Cleethorpes,,53.56190613,-0.029220845
CLELAND,Cleland,CLELAND,9100CLELAND,Cleland,,55.80464763,-3.910243996
CLTN,Clifton (Manchester),CLTN,9100CLTN,Clifton,Salford,53.52248956,-2.314746335
CLFDOWN,Clifton Down,CLFDOWN,9100CLFDOWN,Clifton,Bristol,51.46454458,-2.611740839
CLITHRO,Clitheroe,CLITHRO,9100CLITHRO,Clitheroe,,53.87346611,-2.394336315
CLOCKHS,Clock House,CLOCKHS,9100CLOCKHS,Beckenham,London,51.40858641,-0.040656982
CLYNDRW,Clunderwen,CLYNDRW,9100CLYNDRW,Narberth,,51.8405398,-4.731841806
CLYBANK,Clydebank,CLYBANK,9100CLYBANK,Clydebank,,55.90069113,-4.404413872
COATBDC,Coatbridge Central,COATBDC,9100COATBDC,Coatbridge,,55.86250551,-4.031896767
COATBDS,Coatbridge Sunnyside,COATBDS,9100COATBDS,Coatbridge,,55.86683388,-4.0282871
COATDYK,Coatdyke,COATDYK,9100COATDYK,Coatdyke,Coatbridge,55.86434002,-4.004984381
CBHMSDA,Cobham & Stoke d'Abernon,CBHMSDA,9100CBHMSDA,Cobham,,51.31810074,-0.389346295
CODSALL,Codsall,CODSALL,9100CODSALL,Codsall,,52.62728804,-2.201762815
COGAN,Cogan,COGAN,9100COGAN,Cogan,Penarth,51.4459923,-3.18908983
CLCHSTR,Colchester,CLCHSTR,9100CLCHSTR,Colchester,,51.90071379,0.892598227
CLCHRTN,Colchester Town,CLCHRTN,9100CLCHRTN,Colchester City Centre,Colchester,51.8864559,0.904762636
COLESHL,Coleshill Parkway,COLESHL,9100COLESHL,Coleshill,,52.51652643,-1.708177216
CLHM,Collingham,CLHM,9100CLHM,Collingham,,53.14408618,-0.750393845
CTNG,Collington,CTNG,9100CTNG,Collington,Bexhill,50.83928903,0.457861502
COLNE,Colne,COLNE,9100COLNE,Colne,,53.85474251,-2.18185906
CLWALL,Colwall,CLWALL,9100CLWALL,Colwall,,52.0798684,-2.356950054
CBAY,Colwyn Bay,CBAY,9100CBAY,Colwyn Bay,,53.29635884,-3.725416573
COMBE,Combe (Oxon),COMBE,9100COMBE,Combe,,51.83259345,-1.39407319
COMONDL,Commondale,COMONDL,9100COMONDL,Commondale,,54.4812741,-0.975147915
CONGLTN,Congleton,CONGLTN,9100CONGLTN,Congleton,,53.15785428,-2.192579987
CONBRGH,Conisbrough,CONBRGH,9100CONBRGH,Conisbrough,,53.48930904,-1.23433138
CONNELF,Connel Ferry,CONNELF,9100CONNELF,Connel,,56.45235269,-5.385440917
CONONBR,Conon Bridge,CONONBR,9100CONONBR,Conon Bridge,,57.56175145,-4.440405317
CONONLY,Cononley,CONONLY,9100CONONLY,Cononley,,53.91757012,-2.012067646
BRKNCPK,Conway Park,BRKNCPK,9100BRKNCPK,Birkenhead,,53.39335835,-3.022670785
CONWY,Conwy,CONWY,9100CONWY,Conwy,,53.28010171,-3.830524202
CODNBCH,Cooden Beach,CODNBCH,9100CODNBCH,Cooden,Bexhill,50.83337248,0.426858849
COOKHAM,Cookham,COOKHAM,9100COOKHAM,Cookham,,51.55746272,-0.722078985
COKSBDG,Cooksbridge,COKSBDG,9100COKSBDG,Cooksbridge,,50.90375649,-0.009202668
COOMBE,Coombe Junction Halt,COOMBE,9100COOMBE,Lamellion,Liskeard,50.44591967,-4.481851232
COPLSTN,Copplestone,COPLSTN,9100COPLSTN,Copplestone,,50.81446654,-3.751571707
CRBG,Corbridge,CRBG,9100CRBG,Corbridge,,54.96626087,-2.018400074
CORBY,Corby,CORBY,9100CORBY,Corby Village,Corby,52.48885139,-0.688335317
SWNACFC,Corfe Castle,SWNACFC,9100SWNACFC,Corfe Castle,,50.6383,-2.0551
CKHL,Corkerhill,CKHL,9100CKHL,Mosspark,Glasgow,55.83750089,-4.334292501
CRCK,Corkickle,CRCK,9100CRCK,Corkickle,Whitehaven,54.54167933,-3.582164049
CORPACH,Corpach,CORPACH,9100CORPACH,Corpach,Fort William,56.8428269,-5.121956493
CORROUR,Corrour,CORROUR,9100CORROUR,Corrour,,56.7602136,-4.690600195
CORYTON,Coryton,CORYTON,9100CORYTON,Coryton,Cardiff,51.52043602,-3.231817882
COSELEY,Coseley,COSELEY,9100COSELEY,Coseley,Wolverhampton,52.5450825,-2.085777483
COSFORD,Cosford,COSFORD,9100COSFORD,Cosford,,52.64483387,-2.300274668
COSHAM,Cosham,COSHAM,9100COSHAM,Cosham,Portsmouth,50.84192412,-1.067328684
CTTGHM,Cottingham,CTTGHM,9100CTTGHM,Cottingham,,53.78164892,-0.406433903
COTNGLY,Cottingley,COTNGLY,9100COTNGLY,Cottingley,Leeds,53.76781663,-1.587708042
COLSDNS,Coulsdon South,COLSDNS,9100COLSDNS,Coulsdon,London,51.31583815,-0.137887214
COLSTWN,Coulsdon Town,COLSTWN,9100COLSTWN,Coulsdon,London,51.32204264,-0.134464151
COVNTRY,Coventry,COVNTRY,9100COVNTRY,Coventry,,52.40081364,-1.513459614
COVAREN,Coventry Arena,COVAREN,9100COVAREN,Rowleys Green,Coventry,52.44773295,-1.494124546
COWDEN,Cowden,COWDEN,9100COWDEN,Cowden,,51.15563724,0.110032812
CWDNBTH,Cowdenbeath,CWDNBTH,9100CWDNBTH,Cowdenbeath,,56.11209161,-3.343185739
CRADLYH,Cradley Heath,CRADLYH,9100CRADLYH,Cradley Heath,,52.46965356,-2.090488133
CRGDRN,Craigendoran,CRGDRN,9100CRGDRN,Craigendoran,,55.99479604,-4.711243726
CRMLNGT,Cramlington,CRMLNGT,9100CRMLNGT,Cramlington,,55.08776801,-1.598594945
CBRK,Cranbrook,CBRK,9100CBRK,Cranbrook,,50.75009135,-3.420415351
CRAVENA,Craven Arms,CRAVENA,9100CRAVENA,Craven Arms,,52.44253876,-2.837421871
CRAWLEY,Crawley,CRAWLEY,9100CRAWLEY,Crawley,,51.1122138,-0.186672856
CRFD,Crayford,CRFD,9100CRFD,Crayford,London,51.44827991,0.178936169
CREDITN,Crediton,CREDITN,9100CREDITN,Crediton,,50.78330269,-3.646777569
CRESING,Cressing,CRESING,9100CRESING,Cressing,Braintree,51.85233671,0.577961168
CRSNGTN,Cressington,CRSNGTN,9100CRSNGTN,Cressington,,53.35874899,-2.912002865
CRWLL,Creswell (Derbys),CRWLL,9100CRWLL,Creswell,,53.26411245,-1.216394739
CREWE,Crewe,CREWE,9100CREWE,Crewe,,53.08962487,-2.432968833
CRKRN,Crewkerne,CRKRN,9100CRKRN,Crewkerne,,50.87353559,-2.778496015
CRHL,Crews Hill,CRHL,9100CRHL,Crews Hill,London,51.68448582,-0.106887015
CRNLRCH,Crianlarich,CRNLRCH,9100CRNLRCH,Crianlarich,,56.39047613,-4.618433531
CRICCTH,Criccieth,CRICCTH,9100CRICCTH,Criccieth,,52.91841049,-4.237511921
CRKLWD,Cricklewood,CRKLWD,9100CRKLWD,Cricklewood,London,51.55845296,-0.212676556
CFFT,Croftfoot,CFFT,9100CFFT,Croftfoot,Glasgow,55.81825641,-4.228324643
CFPK,Crofton Park,CFPK,9100CFPK,Brockley,London,51.4551892,-0.036502962
CMER,Cromer,CMER,9100CMER,Cromer,,52.93008448,1.292824545
CROMFD,Cromford,CROMFD,9100CROMFD,Cromford,,53.11293211,-1.549161847
CROKSTN,Crookston,CROKSTN,9100CROKSTN,Crookston,Glasgow,55.84231302,-4.364674969
CSGT,Cross Gates,CSGT,9100CSGT,Cross Gates,Leeds,53.80491367,-1.451580332
CFLATTS,Crossflatts,CFLATTS,9100CFLATTS,Crossflatts,Bingley,53.85846582,-1.844885978
CROSSHL,Crosshill,CROSSHL,9100CROSSHL,Govanhill,Glasgow,55.83328516,-4.256811281
CRSKEYS,Crosskeys,CRSKEYS,9100CRSKEYS,Crosskeys,,51.62090186,-3.126169923
CRSMYLF,Crossmyloof,CRSMYLF,9100CRSMYLF,Crossmyloof,Glasgow,55.83394562,-4.284317395
CROT,Croston,CROT,9100CROT,Croston,,53.66756008,-2.777749706
CROUCHH,Crouch Hill,CROUCHH,9100CROUCHH,Crouch Hill,London,51.57130188,-0.117148739
CBGH,Crowborough,CBGH,9100CBGH,Crowborough,,51.04638156,0.188012504
CRWHRST,Crowhurst,CRWHRST,9100CRWHRST,Crowhurst,,50.88857935,0.501336628
CROWLE,Crowle,CROWLE,9100CROWLE,Ealand,Crowle,53.58973314,-0.817358558
CRWTHRN,Crowthorne,CRWTHRN,9100CRWTHRN,Crowthorne,,51.36672753,-0.819273319
CROY,Croy,CROY,9100CROY,Croy,,55.95567733,-4.035975959
CRYSTLP,Crystal Palace,CRYSTLP,9100CRYSTLP,Crystal Palace,London,51.41810903,-0.072609797
CUDNGTN,Cuddington,CUDNGTN,9100CUDNGTN,Cuddington,,53.23991927,-2.599306243
CUFFLEY,Cuffley,CUFFLEY,9100CUFFLEY,Cuffley,,51.70872172,-0.109783332
CULHAM,Culham,CULHAM,9100CULHAM,Culham,Abingdon,51.65379323,-1.236513707
CULRAIN,Culrain,CULRAIN,9100CULRAIN,Culrain,,57.91951303,-4.404270624
CMBRNLD,Cumbernauld,CMBRNLD,9100CMBRNLD,Cumbernauld,,55.94202584,-3.980334332
CUPAR,Cupar,CUPAR,9100CUPAR,Cupar,,56.31698721,-3.008756166
CURRIEH,Curriehill,CURRIEH,9100CURRIEH,Currie,,55.90056537,-3.318751366
CUSTMHS,Custom House,CUSTMHS,9100CUSTMHS,Custom House,London,,
CXTN,Cuxton,CXTN,9100CXTN,Cuxton,,51.3739266,0.461708697
CMBH,Cwmbach,CMBH,9100CMBH,Cwm-bach,,51.70192728,-3.413723082
CWMBRAN,Cwmbran,CWMBRAN,9100CWMBRAN,Cwmbran,,51.65658593,-3.016203336
CYNGHRD,Cynghordy,CYNGHRD,9100CYNGHRD,Cynghordy,,52.05149782,-3.748210563
DGNHMDC,Dagenham Dock,DGNHMDC,9100DGNHMDC,Dagenham,London,51.52608967,0.146102979
DAISYH,Daisy Hill,DAISYH,9100DAISYH,Daisy Hill,Westhoughton,53.53945292,-2.515861022
DALGETY,Dalgety Bay,DALGETY,9100DALGETY,Dalgety Bay,,56.04209459,-3.367720584
DLMALLY,Dalmally,DLMALLY,9100DLMALLY,Dalmally,,56.4011892,-4.98355207
DLMRNOK,Dalmarnock,DLMRNOK,9100DLMRNOK,Dalmarnock,Glasgow,55.84208526,-4.217708597
DLMY,Dalmeny,DLMY,9100DLMY,Dalmeny,,55.98631863,-3.381619605
DALMUIR,Dalmuir,DALMUIR,9100DALMUIR,Dalmuir,Clydebank,55.91192926,-4.426680893
DLREOCH,Dalreoch,DLREOCH,9100DLREOCH,Dumbarton,,55.94741499,-4.577862941
DALRY,Dalry,DALRY,9100DALRY,Dalry,,55.70622013,-4.711079627
DALSTON,Dalston (Cumbria),DALSTON,9100DALSTON,Dalston,,54.84617612,-2.988851938
DALS,Dalston Junction,DALS,9100DALS,Kingsland,London,51.54611563,-0.07513749
DALSKLD,Dalston Kingsland,DALSKLD,9100DALSKLD,Kingsland,London,51.54814819,-0.075700745
DALTON,Dalton,DALTON,9100DALTON,Dalton-in-Furness,,54.15423676,-3.179002774
DALWHIN,Dalwhinnie,DALWHIN,9100DALWHIN,Dalwhinnie,,56.93516968,-4.246198434
DANBY,Danby,DANBY,9100DANBY,Danby,,54.46615325,-0.910955749
DANESCT,Danescourt,DANESCT,9100DANESCT,Whitchurch,Cardiff,51.50050585,-3.233916819
DANZEY,Danzey,DANZEY,9100DANZEY,Danzey Green,,52.32481263,-1.82087715
DRLSTN,Darlaston,DRLSTN,9100DRLSTN,Darlaston,Walsall,52.57591,-2.020506
DLTN,Darlington,DLTN,9100DLTN,Darlington,,54.52044787,-1.547323824
DARNALL,Darnall,DARNALL,9100DARNALL,Darnall,Sheffield,53.3845842,-1.412567068
DARSHAM,Darsham,DARSHAM,9100DARSHAM,Darsham,,52.27299917,1.523470117
DARTFD,Dartford,DARTFD,9100DARTFD,Dartford,,51.44737068,0.219247891
DRTN,Darton,DRTN,9100DRTN,Darton,,53.58836772,-1.53165741
DARWEN,Darwen,DARWEN,9100DARWEN,Darwen,,53.69803591,-2.46493967
DATCHET,Datchet,DATCHET,9100DATCHET,Datchet,,51.48307687,-0.579421828
DAVNPRT,Davenport,DAVNPRT,9100DAVNPRT,Davenport,,53.3909004,-2.152957753
DAWLISH,Dawlish,DAWLISH,9100DAWLISH,Dawlish,,50.58082043,-3.46462521
DAWLSHW,Dawlish Warren,DAWLSHW,9100DAWLSHW,Dawlish Warren,Dawlish,50.59871059,-3.443561482
DEAL,Deal,DEAL,9100DEAL,Deal,,51.22304453,1.398847015
DEAN,Dean,DEAN,9100DEAN,West Dean,,51.04246093,-1.634867029
MNCRDGT,Deansgate,MNCRDGT,9100MNCRDGT,Manchester City Centre,Manchester,53.47418376,-2.251050947
DEGANWY,Deganwy,DEGANWY,9100DEGANWY,Deganwy,,53.29474745,-3.833386304
DEIGHTN,Deighton,DEIGHTN,9100DEIGHTN,Deighton,Huddersfield,53.66848258,-1.751896394
DELAMER,Delamere,DELAMER,9100DELAMER,Delamere,,53.22877526,-2.666560307
DNDL,Denby Dale,DNDL,9100DNDL,Denby Dale,Huddersfield,53.57263103,-1.663210341
DENHAM,Denham,DENHAM,9100DENHAM,Denham,,51.57883725,-0.497436774
DENHMGC,Denham Golf Club,DENHMGC,9100DENHMGC,Higher Denham,,51.58059767,-0.517786602
DENMRKH,Denmark Hill,DENMRKH,9100DENMRKH,Camberwell,London,51.46820267,-0.089360803
DENT,Dent,DENT,9100DENT,Dent,,54.28240866,-2.36359857
DNTON,Denton,DNTON,9100DNTON,Denton,,53.45686566,-2.131659519
DEPTFD,Deptford,DEPTFD,9100DEPTFD,Deptford,London,51.47884803,-0.026270131
DRBY,Derby,DRBY,9100DRBY,Derby,,52.91654786,-1.463354625
DERBYRD,Derby Road (Ipswich),DERBYRD,9100DERBYRD,Copleston,Ipswich,52.05055483,1.182643483
DEVNPRT,Devonport,DEVNPRT,9100DEVNPRT,Devonport,Plymouth,50.37853338,-4.170709864
DWBY,Dewsbury,DWBY,9100DWBY,Dewsbury,,53.69213135,-1.633106376
DIDCOTP,Didcot Parkway,DIDCOTP,9100DIDCOTP,Didcot,,51.61095435,-1.242893433
DIGBY,Digby & Sowton,DIGBY,9100DIGBY,Digby,Exeter,50.71398935,-3.473560437
DILTONM,Dilton Marsh,DILTONM,9100DILTONM,Dilton Marsh,,51.24898718,-2.207915291
DINASR,Dinas (Rhondda),DINASR,9100DINASR,Dinas,,51.61783397,-3.437541092
DINASP,Dinas Powys,DINASP,9100DINASP,Dinas Powys,,51.43166424,-3.218351551
DGLROAD,Dingle Road,DGLROAD,9100DGLROAD,Penarth,,51.4400536,-3.180590536
DINGWAL,Dingwall,DINGWAL,9100DINGWAL,Dingwall,,57.59423535,-4.422198806
DINSDAL,Dinsdale,DINSDAL,9100DINSDAL,Middleton St George,,54.51472882,-1.46706498
DNTG,Dinting,DNTG,9100DNTG,Dinting,Glossop,53.44933061,-1.970298548
DISLEY,Disley,DISLEY,9100DISLEY,Disley,,53.35818268,-2.042481519
DISS,Diss,DISS,9100DISS,Diss,,52.37365791,1.123697554
DOCKYDP,Dockyard (Plymouth),DOCKYDP,9100DOCKYDP,Plymouth,,50.38216908,-4.175897709
DODWRTH,Dodworth,DODWRTH,9100DODWRTH,Dodworth,,53.54432473,-1.531690716
DOLAU,Dolau,DOLAU,9100DOLAU,Dolau,,52.29535037,-3.263620331
DOLEHAM,Doleham,DOLEHAM,9100DOLEHAM,Westfield,,50.91858822,0.609974861
DOLGARG,Dolgarrog,DOLGARG,9100DOLGARG,Dolgarrog,,53.18634799,-3.822636123
DLWYDLN,Dolwyddelan,DLWYDLN,9100DLWYDLN,Dolwyddelan,,53.05201237,-3.885132166
DONC,Doncaster,DONC,9100DONC,Doncaster,,53.52214948,-1.139845207
DRCHS,Dorchester South,DRCHS,9100DRCHS,Dorchester,,50.7092919,-2.437242681
DRCHW,Dorchester West,DRCHW,9100DRCHW,Dorchester,,50.71095354,-2.44254096
DORE,Dore & Totley,DORE,9100DORE,Dore,Sheffield,53.32763431,-1.515297594
DORKING,Dorking,DORKING,9100DORKING,Dorking,,51.24092984,-0.324250704
DEPDENE,Dorking Deepdene,DEPDENE,9100DEPDENE,Dorking,,51.23880419,-0.324643107
DRKGW,Dorking West,DRKGW,9100DRKGW,Dorking,,51.23622597,-0.339978482
DORMANS,Dormans,DORMANS,9100DORMANS,Dormans Park,,51.1557918,-0.004308182
DORIDGE,Dorridge,DORIDGE,9100DORIDGE,Dorridge,Solihull,52.37206842,-1.75290025
DVHL,Dove Holes,DVHL,9100DVHL,Dove Holes,,53.30002792,-1.889751538
DOVERP,Dover Priory,DOVERP,9100DOVERP,Dover,,51.12570052,1.305293712
DOVRCRT,Dovercourt,DOVRCRT,9100DOVRCRT,Dovercourt,,51.9387384,1.280611131
DOVYJN,Dovey Junction,DOVYJN,9100DOVYJN,Derwen Las,,52.56435885,-3.923902138
DOWNHAM,Downham Market,DOWNHAM,9100DOWNHAM,Downham Market,,52.60410884,0.365681165
DRAYGRN,Drayton Green,DRAYGRN,9100DRAYGRN,Hanwell,London,51.51661662,-0.330194174
DRYP,Drayton Park,DRYP,9100DRYP,Highbury,London,51.55276987,-0.105508928
DREMJ,Drem,DREMJ,9100DREMJ,Drem,,56.00512261,-2.786047825
DRIFILD,Driffield,DRIFILD,9100DRIFILD,Driffield,,54.00152815,-0.43466493
DRIGG,Drigg,DRIGG,9100DRIGG,Drigg,,54.37695942,-3.443412975
DRTWCHS,Droitwich Spa,DRTWCHS,9100DRTWCHS,Droitwich Spa,,52.26820297,-2.15836314
DRONFLD,Dronfield,DRONFLD,9100DRONFLD,Dronfield,,53.30136887,-1.468778526
DRMCHPL,Drumchapel,DRMCHPL,9100DRMCHPL,Drumchapel,Glasgow,55.90481201,-4.36287883
DRMFCHR,Drumfrochar,DRMFCHR,9100DRMFCHR,Greenock,,55.94124767,-4.774766038
DRMGLCH,Drumgelloch,DRMGLCH,9100DRMGLCH,Drumgelloch,Airdrie,55.8673534,-3.948882099
DRUMRY,Drumry,DRUMRY,9100DRUMRY,Drumry,Clydebank,55.9045919,-4.385472247
DUDESTN,Duddeston,DUDESTN,9100DUDESTN,Duddeston,Birmingham,52.48836283,-1.871390459
DUDLPT,Dudley Port,DUDLPT,9100DUDLPT,Dudley Port,Dudley,52.52465135,-2.04947955
DUFIELD,Duffield,DUFIELD,9100DUFIELD,Duffield,,52.98840068,-1.485971711
DUIRNSH,Duirinish,DUIRNSH,9100DUIRNSH,Duirinish,,57.31997616,-5.69131608
DUKEST,Duke Street,DUKEST,9100DUKEST,Dennistoun,Glasgow,55.85843637,-4.213047594
DULNGHM,Dullingham,DULNGHM,9100DULNGHM,Dullingham,,52.20165085,0.366663929
DMBRTNC,Dumbarton Central,DMBRTNC,9100DMBRTNC,Dumbarton,,55.94665488,-4.566920572
DMBRTNE,Dumbarton East,DMBRTNE,9100DMBRTNE,Dumbarton,,55.94224689,-4.554136699
DUMBRCK,Dumbreck,DUMBRCK,9100DUMBRCK,Dumbreck,Glasgow,55.84464889,-4.301239034
DUMFRES,Dumfries,DUMFRES,9100DUMFRES,Dumfries,,55.07255614,-3.604303273
DUMPTNP,Dumpton Park,DUMPTNP,9100DUMPTNP,Dumpton,Ramsgate,51.3456997,1.425818777
DUNBAR,Dunbar,DUNBAR,9100DUNBAR,Dunbar,,55.99829367,-2.51334614
DUNANE,Dunblane,DUNANE,9100DUNANE,Dunblane,,56.18588968,-3.965485989
DUNCRAG,Duncraig,DUNCRAG,9100DUNCRAG,Duncraig,,57.33700174,-5.637130629
DUNDETB,Dundee,DUNDETB,9100DUNDETB,Dundee,,56.45648593,-2.971204548
DNFRMQM,Dunfermline Queen Margaret,DNFRMQM,9100DNFRMQM,Dunfermline,,56.08057444,-3.421467769
DNFRMLE,Dunfermline Town,DNFRMLE,9100DNFRMLE,Dunfermline,,56.06819,-3.452528666
DUNKELD,Dunkeld & Birnam,DUNKELD,9100DUNKELD,Dunkeld,,56.5570565,-3.578398928
DNLP,Dunlop,DNLP,9100DNLP,Dunlop,,55.71187989,-4.532388801
DNROBIN,Dunrobin Castle,DNROBIN,9100DNROBIN,Golspie,,57.98553352,-3.948920859
DNSN,Dunston,DNSN,9100DNSN,Dunston,Gateshead,54.95005526,-1.642044407
DTNG,Dunton Green,DTNG,9100DTNG,Dunton Green,,51.29649026,0.170937209
DRHM,Durham,DRHM,9100DRHM,Durham,,54.77939027,-1.581751929
DRNGTOS,Durrington-on-Sea,DRNGTOS,9100DRNGTOS,Durrington,Worthing,50.81752786,-0.411468629
DYCE,Dyce,DYCE,9100DYCE,Dyce,,57.20564973,-2.192322305
DYFRYNA,Dyffryn Ardudwy,DYFRYNA,9100DYFRYNA,Dyffryn Ardudwy,,52.78885141,-4.104643642
EGLSCLF,Eaglescliffe,EGLSCLF,9100EGLSCLF,Eaglescliffe,Yarm,54.52943151,-1.349437013
EALINGB,Ealing Broadway,EALINGB,9100EALINGB,Ealing Broadway,Ealing,51.51484145,-0.30175169
ERLSTWN,Earlestown,ERLSTWN,9100ERLSTWN,Earlestown,Newton le Willows,53.45113672,-2.637663257
ERLY,Earley,ERLY,9100ERLY,Earley,,51.44109996,-0.917988144
ERLFLD,Earlsfield,ERLFLD,9100ERLFLD,Earlsfield,London,51.44233697,-0.187714856
EARLSWD,Earlswood (Surrey),EARLSWD,9100EARLSWD,Earlswood,Redhill,51.22732846,-0.170822989
ELWD,Earlswood (West Midlands),ELWD,9100ELWD,Earlswood,Solihull,52.36658115,-1.861169483
EBOLDON,East Boldon,EBOLDON,9100EBOLDON,East Boldon,Boldon,54.94641506,-1.420313892
ECROYDN,East Croydon,ECROYDN,9100ECROYDN,Croydon,London,51.3754538,-0.09277962
EDIDBRY,East Didsbury,EDIDBRY,9100EDIDBRY,East Didsbury,Didsbury,53.40930831,-2.221996313
EDULWCH,East Dulwich,EDULWCH,9100EDULWCH,East Dulwich,Dulwich,51.46149448,-0.080571619
EFARLGH,East Farleigh,EFARLGH,9100EFARLGH,East Farleigh,,51.25523768,0.484729048
EGRFRTH,East Garforth,EGRFRTH,9100EGRFRTH,East Garforth,Leeds,53.79197747,-1.370536818
EGRNSTD,East Grinstead,EGRNSTD,9100EGRNSTD,East Grinstead,,51.12627358,-0.017900012
EKILBRD,East Kilbride,EKILBRD,9100EKILBRD,East Kilbride,,55.7660034,-4.18022701
ELINTN,East Linton,ELINTN,9100ELINTN,East Linton,,55.9856,-2.6579
EMALING,East Malling,EMALING,9100EMALING,East Malling,,51.28580982,0.43928038
EMPKWAY,East Midlands Parkway,EMPKWAY,9100EMPKWAY,Ratcliffe on Soar,,52.86250055,-1.263231854
ETILBRY,East Tilbury,ETILBRY,9100ETILBRY,East Tilbury,,51.48483136,0.412927892
EWRTHNG,East Worthing,EWRTHNG,9100EWRTHNG,East Worthing,Worthing,50.82164518,-0.354893674
EBOURNE,Eastbourne,EBOURNE,9100EBOURNE,Eastbourne,,50.769378,0.281247025
EASTBRK,Eastbrook,EASTBRK,9100EASTBRK,Eastbrook,,51.43763539,-3.206137427
ESHS,Easterhouse,ESHS,9100ESHS,Easterhouse,Glasgow,55.85975624,-4.107176378
ESTHRAK,Eastham Rake,ESTHRAK,9100ESTHRAK,Eastham,,53.30753837,-2.981132428
ELGH,Eastleigh,ELGH,9100ELGH,Eastleigh,,50.96925017,-1.350084453
ESTRNGT,Eastrington,ESTRNGT,9100ESTRNGT,Eastrington,,53.75516109,-0.787630319
EBSFDOM,Ebbsfleet International,EBSFDOM,9100EBSFDOM,Ebbsfleet,,51.4429732,0.320920935
EBWVPWY,Ebbw Vale Parkway,EBWVPWY,9100EBWVPWY,Ebbw Vale,,51.75714349,-3.196102711
EBWVTN,Ebbw Vale Town,EBWVTN,9100EBWVTN,Ebbw Vale,,51.7766879,-3.202576921
ECCLES,Eccles,ECCLES,9100ECCLES,Eccles,Salford,53.48535852,-2.33451428
ECLR,Eccles Road,ECLR,9100ECLR,Eccles Road,,52.47088403,0.969917342
ECPK,Eccleston Park,ECPK,9100ECPK,Eccleston Park,Eccleston,53.4307861,-2.780041514
EDALE,Edale,EDALE,9100EDALE,Edale,,53.36497112,-1.816626203
EDPK,Eden Park,EDPK,9100EDPK,Eden Park,London,51.39009103,-0.026355077
EDNB,Edenbridge,EDNB,9100EDNB,Edenbridge,,51.20843562,0.060646348
EDNT,Edenbridge Town,EDNT,9100EDNT,Edenbridge,,51.20008273,0.067173103
EDGH,Edge Hill,EDGH,9100EDGH,Edge Hill,Liverpool,53.40261615,-2.94648296
EDINBUR,Edinburgh,EDINBUR,9100EDINBUR,Edinburgh,,55.95239282,-3.188227684
EDINGWY,Edinburgh Gateway,EDINGWY,9100EDINGWY,Gogar,,55.94093992,-3.320251394
EDINPRK,Edinburgh Park,EDINPRK,9100EDINPRK,Edinburgh Park,Edinburgh,55.92755079,-3.307664146
EDMNGRN,Edmonton Green,EDMNGRN,9100EDMNGRN,Lower Edmonton,London,51.62492876,-0.061112413
EFNGHMJ,Effingham Junction,EFNGHMJ,9100EFNGHMJ,Effingham Junction,,51.29149534,-0.41996534
EGGESFD,Eggesford,EGGESFD,9100EGGESFD,Eggesford,,50.88773671,-3.874745114
EGHAM,Egham,EGHAM,9100EGHAM,Egham,,51.42964677,-0.546512152
EGTON,Egton,EGTON,9100EGTON,Egton,,54.43748142,-0.761464876
ELPHNAC,Elephant & Castle,ELPHNAC,9100ELPHNAC,Elephant & Castle,London,51.49402878,-0.098725495
ELGIN,Elgin,ELGIN,9100ELGIN,Elgin,,57.64290938,-3.311245905
ELSMPRT,Ellesmere Port,ELSMPRT,9100ELSMPRT,Ellesmere Port,,53.28219096,-2.896422573
ELMERSE,Elmers End,ELMERSE,9100ELMERSE,Elmers End,London,51.39849235,-0.049570266
ELMW,Elmstead Woods,ELMW,9100ELMW,Elmstead,London,51.4171176,0.044274145
ELMSWEL,Elmswell,ELMSWEL,9100ELMSWEL,Elmswell,,52.23804027,0.912589575
ELSC,Elsecar,ELSC,9100ELSC,Elsecar,,53.49865905,-1.427423764
ELSENHM,Elsenham,ELSENHM,9100ELSENHM,Elsenham,,51.92054552,0.228070367
ELTR,Elstree & Borehamwood,ELTR,9100ELTR,Borehamwood,,51.65306936,-0.280081462
ELTHAM,Eltham,ELTHAM,9100ELTHAM,Eltham,London,51.45564352,0.052472418
ELTON,Elton & Orston,ELTON,9100ELTON,Orston,,52.95213626,-0.855512342
ELYY,Ely,ELYY,9100ELYY,Ely,,52.39122981,0.266827683
EMRSPKH,Emerson Park,EMRSPKH,9100EMRSPKH,Hornchurch,London,51.56864243,0.220113325
EMSWTH,Emsworth,EMSWTH,9100EMSWTH,Emsworth,,50.85161432,-0.938429664
ERGNCHP,Energlyn & Churchill Park,ERGNCHP,9100ERGNCHP,Churchill Park,Caerphilly,51.58321286,-3.228795493
ENFC,Enfield Chase,ENFC,9100ENFC,Enfield Town,Enfield,51.65325408,-0.09069629
ENFLDLK,Enfield Lock,ENFLDLK,9100ENFLDLK,Enfield Lock,London,51.67092209,-0.028532382
ENFLDTN,Enfield Town,ENFLDTN,9100ENFLDTN,Enfield Town,Enfield,51.65202556,-0.079327561
ENTWISL,Entwistle,ENTWISL,9100ENTWISL,Entwistle,,53.65597643,-2.41454472
EPSM,Epsom,EPSM,9100EPSM,Epsom,,51.33439273,-0.268777602
EPSDNS,Epsom Downs,EPSDNS,9100EPSDNS,Epsom,,51.3236875,-0.238954771
ERDNGTN,Erdington,ERDNGTN,9100ERDNGTN,Erdington,Birmingham,52.52828416,-1.839508876
ERIDGE,Eridge,ERIDGE,9100ERIDGE,Eridge Green,,51.08896564,0.201431807
ERITH,Erith,ERITH,9100ERITH,Erith,London,51.48167093,0.175054542
ESHER,Esher,ESHER,9100ESHER,Esher,,51.3798911,-0.35333776
ESKBANK,Eskbank,ESKBANK,9100ESKBANK,Eskbank,,55.88180242,-3.083073013
ESSEXRD,Essex Road,ESSEXRD,9100ESSEXRD,Islington,London,51.54070534,-0.096275978
ETCHNGM,Etchingham,ETCHNGM,9100ETCHNGM,Etchingham,,51.01054617,0.442356379
EUXT,Euxton Balshaw Lane,EUXT,9100EUXT,Euxton,,53.66047929,-2.672023457
EVESHAM,Evesham,EVESHAM,9100EVESHAM,Evesham,,52.09839706,-1.947313473
EWELLE,Ewell East,EWELLE,9100EWELLE,Ewell,,51.34529955,-0.24152956
EWELW,Ewell West,EWELW,9100EWELW,Ewell,,51.35004486,-0.256986541
EXETERC,Exeter Central,EXETERC,9100EXETERC,Exeter City Centre,Exeter,50.72648417,-3.533276408
EXETRSD,Exeter St Davids,EXETRSD,9100EXETRSD,Exeter City Centre,Exeter,50.72927488,-3.543286177
EXETRST,Exeter St Thomas,EXETRST,9100EXETRST,Exeter City Centre,Exeter,50.71714779,-3.538836298
EXHIBTC,Exhibition Centre (Glasgow),EXHIBTC,9100EXHIBTC,Finnieston,Glasgow,55.8615509,-4.283588736
EXMOUTH,Exmouth,EXMOUTH,9100EXMOUTH,Exmouth,,50.62163484,-3.414971636
EXTON,Exton,EXTON,9100EXTON,Exton,,50.66830358,-3.4440962
EYNSFD,Eynsford,EYNSFD,9100EYNSFD,Eynsford,,51.36272035,0.204393216
FRBN,Fairbourne,FRBN,9100FRBN,Fairbourne,,52.69604157,-4.049413376
FRFD,Fairfield,FRFD,9100FRFD,Fairfield,Droylsden,53.47129371,-2.145774925
FAIRLIE,Fairlie,FAIRLIE,9100FAIRLIE,Fairlie,,55.75194239,-4.853267413
FRWATER,Fairwater,FRWATER,9100FRWATER,Fairwater,Cardiff,51.49390659,-3.233839415
FALCNWD,Falconwood,FALCNWD,9100FALCNWD,Falconwood,London,51.45915447,0.079304565
FALKRKG,Falkirk Grahamston,FALKRKG,9100FALKRKG,Falkirk,,56.00261332,-3.785046106
FALKRKH,Falkirk High,FALKRKH,9100FALKRKH,Falkirk,,55.99181516,-3.79224411
FLSCRHN,Falls of Cruachan,FLSCRHN,9100FLSCRHN,Falls Of Cruachan,,56.39388301,-5.112477709
FAMR,Falmer,FAMR,9100FAMR,Falmer,,50.86212906,-0.087385426
FALMTHD,Falmouth Docks,FALMTHD,9100FALMTHD,Falmouth,,50.15070775,-5.056028096
FALMTHT,Falmouth Town,FALMTHT,9100FALMTHT,Falmouth,,50.1483408,-5.064934897
FAREHAM,Fareham,FAREHAM,9100FAREHAM,Fareham,,50.8530336,-1.192037119
FRBRMN,Farnborough (Main),FRBRMN,9100FRBRMN,Farnborough,,51.2966922,-0.755436425
FRBRNTH,Farnborough North,FRBRNTH,9100FRBRNTH,Farnborough,,51.30204494,-0.74302684
FRNCMB,Farncombe,FRNCMB,9100FRNCMB,Farncombe,,51.19715385,-0.604548796
FARNHAM,Farnham,FARNHAM,9100FARNHAM,Farnham,,51.21190464,-0.792427105
FRNNGRD,Farningham Road,FRNNGRD,9100FRNNGRD,Sutton At Hone,,51.40166558,0.235452153
FRNW,Farnworth,FRNW,9100FRNW,Farnworth,,53.55000387,-2.387849644
FRNDNLT,Farringdon,FRNDNLT|FRNDXR,9100FRNDNLT,Farringdon,London,51.52016709,-0.105204589
FAULDHS,Fauldhouse,FAULDHS,9100FAULDHS,Fauldhouse,,55.82247342,-3.719318612
FAVRSHM,Faversham,FAVRSHM,9100FAVRSHM,Faversham,,51.31171374,0.891045016
FAYGATE,Faygate,FAYGATE,9100FAYGATE,Faygate,,51.09589064,-0.263018592
FAZKRLY,Fazakerley,FAZKRLY,9100FAZKRLY,Fazakerley,Liverpool,53.46908478,-2.936723222
FEARN,Fearn,FEARN,9100FEARN,Fearn,,57.77814234,-3.993935682
FTHRSTN,Featherstone,FTHRSTN,9100FTHRSTN,Featherstone,,53.67906634,-1.358444102
FLXSTOW,Felixstowe,FLXSTOW,9100FLXSTOW,Felixstowe,,51.96707239,1.350435245
FELTHAM,Feltham,FELTHAM,9100FELTHAM,Feltham,London,51.44789838,-0.409838162
FENITON,Feniton,FENITON,9100FENITON,Feniton,,50.78667691,-3.285417704
FSTR,Fenny Stratford,FSTR,9100FSTR,Fenny Stratford,Bletchley,52.00006886,-0.715997274
FERNHIL,Fernhill,FERNHIL,9100FERNHIL,Fernhill,,51.68649496,-3.39588265
FERRIBY,Ferriby,FERRIBY,9100FERRIBY,North Ferriby,,53.71715458,-0.507830392
FYSD,Ferryside,FYSD,9100FYSD,Ferryside,,51.76836712,-4.369458142
FFAIRFC,Ffairfach,FFAIRFC,9100FFAIRFC,Ffair-fach,,51.87247446,-3.992859409
FILEY,Filey,FILEY,9100FILEY,Filey,,54.20985832,-0.293849318
FILTNEW,Filton Abbey Wood,FILTNEW,9100FILTNEW,Filton,,51.50493899,-2.562430551
FNCHLYR,Finchley Road & Frognal,FNCHLYR,9100FNCHLYR,West Hampstead,London,51.55026586,-0.183140521
FNPK,Finsbury Park,FNPK,9100FNPK,Finsbury Park,London,51.56430177,-0.106284898
FINSTCK,Finstock,FINSTCK,9100FINSTCK,Finstock,,51.85278215,-1.469342948
FSHBORN,Fishbourne,FSHBORN,9100FSHBORN,Fishbourne,Chichester,50.83905138,-0.81508416
FSHRSGT,Fishersgate,FSHRSGT,9100FSHRSGT,Fishersgate,,50.83423456,-0.21942316
FGDHGWK,Fishguard & Goodwick,FGDHGWK,9100FGDHGWK,Goodwick,Fishguard,52.00411412,-4.994837767
FGDHBR,Fishguard Harbour,FGDHBR,9100FGDHBR,Goodwick,Fishguard,52.01154268,-4.98564202
FISKRTN,Fiskerton,FISKRTN,9100FISKRTN,Fiskerton,,53.0602739,-0.912187511
FITZWLM,Fitzwilliam,FITZWLM,9100FITZWLM,Fitzwilliam,Hemsworth,53.63250063,-1.374273022
FIVEWYS,Five Ways,FIVEWYS,9100FIVEWYS,Birmingham,,52.47109494,-1.912954293
FLEET,Fleet,FLEET,9100FLEET,Fleet,,51.29063481,-0.830805604
FLIMBY,Flimby,FLIMBY,9100FLIMBY,Flimby,,54.68968698,-3.520740028
FLINT,Flint,FLINT,9100FLINT,Flint,,53.2495241,-3.132993117
FLITWCK,Flitwick,FLITWCK,9100FLITWCK,Flitwick,,52.00364206,-0.495257794
FLIXTON,Flixton,FLIXTON,9100FLIXTON,Flixton,,53.44380776,-2.384246431
FLWRYFD,Flowery Field,FLWRYFD,9100FLWRYFD,Flowery Field,Hyde,53.46185448,-2.081052914
FLKSTNC,Folkestone Central,FLKSTNC,9100FLKSTNC,Folkestone,,51.08288758,1.169482479
FLKSTNW,Folkestone West,FLKSTNW,9100FLKSTNW,Folkestone,,51.08458656,1.153903519
FORD,Ford,FORD,9100FORD,Ford,,50.82939381,-0.578409948
FRSTGT,Forest Gate,FRSTGT,9100FRSTGT,Forest Gate,London,51.54943194,0.024352903
FORESTH,Forest Hill,FORESTH,9100FORESTH,Forest Hill,London,51.43928011,-0.053157023
FORMBY,Formby,FORMBY,9100FORMBY,Formby,,53.55347712,-3.070907694
FORRES,Forres,FORRES,9100FORRES,Forres,,57.61118426,-3.624873423
FORSNRD,Forsinard,FORSNRD,9100FORSNRD,Forsinard,,58.35689927,-3.896880259
FRTMTLD,Fort Matilda,FRTMTLD,9100FRTMTLD,Fort Matilda,Greenock,55.95903106,-4.795267467
FRTWLM,Fort William,FRTWLM,9100FRTWLM,Fort William,,56.8204441,-5.106143313
FOUROKS,Four Oaks,FOUROKS,9100FOUROKS,Four Oaks,Birmingham,52.57977994,-1.828031689
FOXFILD,Foxfield,FOXFILD,9100FOXFILD,Foxfield,,54.25866793,-3.216061511
FOXTON,Foxton,FOXTON,9100FOXTON,Foxton,,52.1192136,0.056308179
FRANT,Frant,FRANT,9100FRANT,Frant,,51.10402871,0.294543148
FRATTON,Fratton,FRATTON,9100FRATTON,Fratton,Portsmouth,50.79633887,-1.073982663
FRSHFLD,Freshfield,FRSHFLD,9100FRSHFLD,Freshfield,Formby,53.56605314,-3.07182943
FRESHFD,Freshford,FRESHFD,9100FRESHFD,Freshford,,51.34202965,-2.301008422
FRIMLEY,Frimley,FRIMLEY,9100FRIMLEY,Frimley,,51.31186197,-0.746991275
FRINTON,Frinton-on-Sea,FRINTON,9100FRINTON,Frinton-on-Sea,,51.8376825,1.243170772
FRZNGHL,Frizinghall,FRZNGHL,9100FRZNGHL,Frizinghall,Bradford,53.82036998,-1.769001056
FRDSHM,Frodsham,FRDSHM,9100FRDSHM,Frodsham,,53.29581503,-2.72356682
FROME,Frome,FROME,9100FROME,Frome,,51.22727051,-2.309996749
FROSTLY,Frosterley,FROSTLY,9100FROSTLY,Frosterley,,54.72699474,-1.964411377
FULWELL,Fulwell,FULWELL,9100FULWELL,Fulwell,London,51.43393512,-0.349467529
FURNESV,Furness Vale,FURNESV,9100FURNESV,Furness Vale,,53.34875178,-1.988844583
FURZEP,Furze Platt,FURZEP,9100FURZEP,Furze Platt,Maidenhead,51.53302027,-0.72847274
GBROC,Gainsborough Central,GBROC,9100GBROC,Gainsborough,,53.39958433,-0.769694021
GBGHLRD,Gainsborough Lea Road,GBGHLRD,9100GBGHLRD,Gainsborough,,53.3860891,-0.768579507
GALASLS,Galashiels,GALASLS,9100GALASLS,Galashiels,,55.61789919,-2.805954426
GRLCHHD,Garelochhead,GRLCHHD,9100GRLCHHD,Garelochhead,,56.07986406,-4.825716458
GARFRTH,Garforth,GARFRTH,9100GARFRTH,Garforth,Leeds,53.79657766,-1.382309564
GRGRAVE,Gargrave,GRGRAVE,9100GRGRAVE,Gargrave,,53.97841636,-2.105170377
GARROWH,Garrowhill,GARROWH,9100GARROWH,Garrowhill,Glasgow,55.8552384,-4.129460473
GSCD,Garscadden,GSCD,9100GSCD,Garscadden,Glasgow,55.88769461,-4.365004509
GARSDLE,Garsdale,GARSDLE,9100GARSDLE,Garsdale,,54.32143003,-2.326353523
GRSTH,Garston (Herts),GRSTH,9100GRSTH,Garston,Watford,51.68661576,-0.381741135
GARW,Garswood,GARW,9100GARW,Garswood,,53.48852017,-2.672134563
GRTCSH,Gartcosh,GRTCSH,9100GRTCSH,Gartcosh,,55.88566066,-4.07949413
GRTHMG,Garth (Bridgend),GRTHMG,9100GRTHMG,Garth,Maesteg,51.5964556,-3.641449962
GARTH,Garth (Powys),GARTH,9100GARTH,Gwarafog,,52.13323632,-3.529907103
GARVE,Garve,GARVE,9100GARVE,Garve,,57.6130409,-4.688395135
GATHRST,Gathurst,GATHRST,9100GATHRST,Gathurst,Wigan,53.55940252,-2.69439319
GATLEY,Gatley,GATLEY,9100GATLEY,Gatley,,53.39290459,-2.231233966
GTWK,Gatwick Airport,GTWK,9100GTWK,Gatwick Airport,,51.15649073,-0.161041455
GRGMASJ,Georgemas Junction,GRGMASJ,9100GRGMASJ,Georgemas Junction,,58.51362333,-3.452120205
GERRDSX,Gerrards Cross,GERRDSX,9100GERRDSX,Gerrards Cross,,51.589023,-0.555275341
GIDEAPK,Gidea Park,GIDEAPK,9100GIDEAPK,Gidea Park,Romford,51.581904,0.205964395
GIFNOCK,Giffnock,GIFNOCK,9100GIFNOCK,Giffnock,,55.80398988,-4.293014202
GGLSWCK,Giggleswick,GGLSWCK,9100GGLSWCK,Giggleswick,,54.06180041,-2.302847708
GLBRDYK,Gilberdyke,GLBRDYK,9100GLBRDYK,Gilberdyke,,53.74796352,-0.732243359
GLFCHFR,Gilfach Fargoed,GLFCHFR,9100GLFCHFR,Gilfach,,51.68424924,-3.226568058
GLHM,Gillingham (Dorset),GLHM,9100GLHM,Gillingham,,51.03403441,-2.272623704
GLNGHMK,Gillingham (Kent),GLNGHMK,9100GLNGHMK,Gillingham,,51.38656546,0.5498501
LAMBH,Gilshochill,LAMBH,9100LAMBH,Gilshochill,Glasgow,55.89733792,-4.282684454
GIPSYH,Gipsy Hill,GIPSYH,9100GIPSYH,West Dulwich,Dulwich,51.42445312,-0.083835838
GIRVAN,Girvan,GIRVAN,9100GIRVAN,Girvan,,55.24631251,-4.848381312
GLAISDL,Glaisdale,GLAISDL,9100GLAISDL,Glaisdale,,54.43938124,-0.793787741
GLNCNWY,Glan Conwy,GLNCNWY,9100GLNCNWY,Glan Conwy,,53.26742147,-3.797727399
GLGC,Glasgow Central,GLGC,9100GLGC,Glasgow,,55.85975599,-4.257643289
GLGCLL,Glasgow Central Low Level,GLGCLL,9100GLGCLL,Glasgow,,55.85867989,-4.258491699
GLGQHL,Glasgow Queen Street,GLGQHL,9100GLGQHL,Glasgow,,55.86218815,-4.251455867
GLGQLL,Glasgow Queen Street Low Level,GLGQLL,9100GLGQLL,Glasgow,,55.8623467,-4.250649998
GLASHTN,Glasshoughton,GLASHTN,9100GLASHTN,Glasshoughton,Castleford,53.70904302,-1.342005063
GLAZBRK,Glazebrook,GLAZBRK,9100GLAZBRK,Glazebrook,Warrington,53.42835953,-2.459657397
GLNEGLS,Gleneagles,GLNEGLS,9100GLNEGLS,Auchterarder,,56.27484955,-3.731167936
GLNFNNN,Glenfinnan,GLNFNNN,9100GLNFNNN,Glenfinnan,,56.87240232,-5.449619847
GLGN,Glengarnock,GLGN,9100GLGN,Glengarnock,,55.73888753,-4.674501672
GLNRTHS,Glenrothes with Thornton,GLNRTHS,9100GLNRTHS,Thornton,,56.16235695,-3.143015316
GLSP,Glossop,GLSP,9100GLSP,Glossop,,53.44446971,-1.949073719
GLOSTER,Gloucester,GLOSTER,9100GLOSTER,Gloucester,,51.86555855,-2.238487611
GLYNDE,Glynde,GLYNDE,9100GLYNDE,Glynde,,50.85917206,0.070077375
GOBOWEN,Gobowen,GOBOWEN,9100GOBOWEN,Gobowen,,52.8935148,-3.037172575
GDLMING,Godalming,GDLMING,9100GDLMING,Godalming,,51.18658662,-0.618862248
GODLY,Godley,GODLY,9100GODLY,Godley,Hyde,53.45170351,-2.054772348
GODSTON,Godstone,GODSTON,9100GODSTON,Godstone,,51.21815745,-0.050084919
GLDTHRP,Goldthorpe,GLDTHRP,9100GLDTHRP,Goldthorpe,,53.53418939,-1.312807649
GOLFSTR,Golf Street,GOLFSTR,9100GOLFSTR,Carnoustie,,56.49779378,-2.719543508
GOLSPIE,Golspie,GOLSPIE,9100GOLSPIE,Golspie,,57.97146454,-3.987214904
GOMSHAL,Gomshall,GOMSHAL,9100GOMSHAL,Gomshall,,51.21939853,-0.441852116
GODMAYS,Goodmayes,GODMAYS,9100GODMAYS,Goodmayes,London,51.56557897,0.110807157
GOOLE,Goole,GOOLE,9100GOOLE,Goole,,53.70491434,-0.87421341
GOOSTRY,Goostrey,GOOSTRY,9100GOOSTRY,Goostrey,,53.22255212,-2.326470308
GORDONH,Gordon Hill,GORDONH,9100GORDONH,Clay Hill,Enfield,51.66333515,-0.094610431
GOREBRG,Gorebridge,GOREBRG,9100GOREBRG,Gorebridge,,55.84027352,-3.046515365
GORASTR,Goring & Streatley,GORASTR,9100GORASTR,Goring,,51.52149275,-1.133049339
GORNGBS,Goring-by-Sea,GORNGBS,9100GORNGBS,Goring by Sea,Worthing,50.81772122,-0.433083037
GORTON,Gorton,GORTON,9100GORTON,Gorton,Manchester,53.46907381,-2.166209389
GOSPLOK,Gospel Oak,GOSPLOK,9100GOSPLOK,Gospel Oak,London,51.55533543,-0.150770107
GOUROCK,Gourock,GOUROCK,9100GOUROCK,Gourock,,55.96231898,-4.816657685
GOWERTN,Gowerton,GOWERTN,9100GOWERTN,Gowerton,,51.64872547,-4.035934551
GOXHILL,Goxhill,GOXHILL,9100GOXHILL,Goxhill,,53.6767027,-0.337120413
GRPK,Grange Park,GRPK,9100GRPK,Grange Park,Enfield,51.64260735,-0.097358425
GOVS,Grange-over-Sands,GOVS,9100GOVS,Grange-over-Sands,,54.19572205,-2.902747303
GNTN,Grangetown (Cardiff),GNTN,9100GNTN,Grangetown,Cardiff,51.46761153,-3.189723868
GTHM,Grantham,GTHM,9100GTHM,Grantham,,52.90647238,-0.64245023
GRATELY,Grateley,GRATELY,9100GRATELY,Grateley,,51.17005914,-1.620773651
GRAVLYH,Gravelly Hill,GRAVLYH,9100GRAVLYH,Gravelly Hill,Birmingham,52.5149961,-1.852598403
GRVSEND,Gravesend,GRVSEND,9100GRVSEND,Gravesend,,51.44134833,0.36664309
GRAYS,Grays,GRAYS,9100GRAYS,Grays,,51.47624787,0.321832253
GTAYTON,Great Ayton,GTAYTON,9100GTAYTON,Great Ayton,,54.48957092,-1.115345183
GTBNTLY,Great Bentley,GTBNTLY,9100GTBNTLY,Great Bentley,,51.85175987,1.06515357
GTCHSFD,Great Chesterford,GTCHSFD,9100GTCHSFD,Great Chesterford,,52.05981085,0.193521101
GTCOATS,Great Coates,GTCOATS,9100GTCOATS,Great Coates,Grimsby,53.57575398,-0.130230383
GTMLVRN,Great Malvern,GTMLVRN,9100GTMLVRN,Great Malvern,The Malverns,52.10919865,-2.318270814
GTMSNDN,Great Missenden,GTMSNDN,9100GTMSNDN,Great Missenden,,51.70351853,-0.709141009
YARMTH,Great Yarmouth,YARMTH,9100YARMTH,Great Yarmouth,,52.6121599,1.720886341
GNLN,Green Lane,GNLN,9100GNLN,Tranmere,Birkenhead,53.38325424,-3.016414758
GREENRD,Green Road,GREENRD,9100GREENRD,The Green,,54.24452515,-3.245570833
GBNK,Greenbank,GBNK,9100GBNK,Greenbank,Northwich,53.25146475,-2.534270639
GRNFLDS,Greenfaulds,GRNFLDS,9100GRNFLDS,Greenfaulds,Cumbernauld,55.9352326,-3.993100014
GFLD,Greenfield,GFLD,9100GFLD,Greenfield,,53.53885801,-2.013843453
GFORD,Greenford,GFORD,9100GFORD,Greenford,London,51.54233132,-0.345837125
GNHT,Greenhithe for Bluewater,GNHT,9100GNHT,Greenhithe,,51.45037175,0.280290219
GRENCKC,Greenock Central,GRENCKC,9100GRENCKC,Greenock,,55.94533992,-4.752633975
GRENCKW,Greenock West,GRENCKW,9100GRENCKW,Greenock,,55.94733624,-4.767833189
GNWH,Greenwich,GNWH,9100GNWH,Greenwich,London,51.47813505,-0.013339843
GRETGRN,Gretna Green,GRETGRN,9100GRETGRN,Gretna Green,,55.00104669,-3.065198011
GRMSBYD,Grimsby Docks,GRMSBYD,9100GRMSBYD,East Marsh,Grimsby,53.57432146,-0.075617204
GRMSBYT,Grimsby Town,GRMSBYT,9100GRMSBYT,Grimsby,,53.56342839,-0.086983869
GRNDLFD,Grindleford,GRNDLFD,9100GRNDLFD,Grindleford,,53.30556149,-1.626296665
GROSMNT,Grosmont,GROSMNT,9100GROSMNT,Grosmont,,54.43611315,-0.724965563
GRVPK,Grove Park,GRVPK,9100GRVPK,Grove Park,London,51.43086312,0.021725567
GIDB,Guide Bridge,GIDB,9100GIDB,Guide Bridge,,53.47462736,-2.113710568
GUILDFD,Guildford,GUILDFD,9100GUILDFD,Guildford,,51.23697019,-0.580424959
GUISELY,Guiseley,GUISELY,9100GUISELY,Guiseley,Leeds,53.87593427,-1.7150799
GNRSBRY,Gunnersbury,GNRSBRY,9100GNRSBRY,Gunnersbury,London,51.49167762,-0.275286357
GUNISLK,Gunnislake,GUNISLK,9100GUNISLK,Gunnislake,,50.51608218,-4.21940555
GUNTON,Gunton,GUNTON,9100GUNTON,Southrepps,,52.86634663,1.349116484
GWRSYLT,Gwersyllt,GWRSYLT,9100GWRSYLT,Gwersyllt,,53.07257429,-3.01788807
GYPSYLA,Gypsy Lane,GYPSYLA,9100GYPSYLA,Nunthorpe,,54.53289133,-1.179392034
HABRO,Habrough,HABRO,9100HABRO,Habrough,,53.6060762,-0.269461243
HKBG,Hackbridge,HKBG,9100HKBG,Hackbridge,London,51.3778718,-0.153907477
HACKNYC,Hackney Central,HACKNYC,9100HACKNYC,Hackney,London,51.54710495,-0.056057533
HAKNYNM,Hackney Downs,HAKNYNM,9100HAKNYNM,Hackney,London,51.54875744,-0.060818937
HACKNYW,Hackney Wick,HACKNYW,9100HACKNYW,Hackney Wick,London,51.54341047,-0.024919773
HADMATP,Haddenham & Thame Parkway,HADMATP,9100HADMATP,Haddenham,,51.77085523,-0.942137062
HADISCO,Haddiscoe,HADISCO,9100HADISCO,Haddiscoe,,52.52878733,1.623007272
HADFILD,Hadfield,HADFILD,9100HADFILD,Hadfield,,53.46074464,-1.965320454
HADLYWD,Hadley Wood,HADLYWD,9100HADLYWD,Hadley Wood,London,51.66849685,-0.176172479
HAGFOLD,Hag Fold,HAGFOLD,9100HAGFOLD,Hag Fold,Atherton,53.53385218,-2.494821553
HAGGERS,Haggerston,HAGGERS,9100HAGGERS,Haggerston,London,51.53870546,-0.075666469
HAGLEY,Hagley,HAGLEY,9100HAGLEY,Hagley,,52.42248975,-2.146417086
HARMYRS,Hairmyres,HARMYRS,9100HARMYRS,Hairmyres,East Kilbride,55.76196554,-4.220010825
HALE,Hale,HALE,9100HALE,Hale,Altrincham,53.37871759,-2.34735676
HALSWTH,Halesworth,HALSWTH,9100HALSWTH,Halesworth,,52.34681654,1.505667534
HALW,Halewood,HALW,9100HALW,Halewood,,53.36447932,-2.830133925
HLFX,Halifax,HLFX,9100HLFX,Halifax,,53.72096069,-1.853574717
HLGN,Hall Green,HLGN,9100HLGN,Hall Green,Birmingham,52.43690935,-1.845650854
HALLRD,Hall Road,HALLRD,9100HALLRD,Crosby,,53.49748577,-3.049627046
HITW,Hall i' th' Wood,HITW,9100HITW,Hall I Th Wood,,53.59742273,-2.413109661
HALG,Halling,HALG,9100HALG,Halling,,51.35247784,0.444931883
HLTWHST,Haltwhistle,HLTWHST,9100HLTWHST,Haltwhistle,,54.9678491,-2.463564972
HMST,Ham Street,HMST,9100HMST,Hamstreet,,51.0683786,0.854506444
HMBLE,Hamble,HMBLE,9100HMBLE,Hamble-le-Rice,,50.87137461,-1.329162026
HAMLTNC,Hamilton Central,HAMLTNC,9100HAMLTNC,Hamilton,,55.77319351,-4.038884829
HAMLTNW,Hamilton West,HAMLTNW,9100HAMLTNW,Hamilton,,55.77885976,-4.054808145
HAMERTN,Hammerton,HAMERTN,9100HAMERTN,Kirk Hammerton,,53.99632983,-1.284095554
HMPDNPK,Hampden Park (Sussex),HMPDNPK,9100HMPDNPK,Hampden Park,Eastbourne,50.79640596,0.279355881
HMPSTDH,Hampstead Heath,HMPSTDH,9100HMPSTDH,Hampstead,London,51.55521018,-0.165705344
HAMPTON,Hampton (London),HAMPTON,9100HAMPTON,Hampton,London,51.41593438,-0.372118886
HCRT,Hampton Court,HCRT,9100HCRT,East Molesey,,51.40255567,-0.342747653
HAMWICK,Hampton Wick,HAMWICK,9100HAMWICK,Hampton Wick,London,51.41452449,-0.312489461
HMPTNIA,Hampton-in-Arden,HMPTNIA,9100HMPTNIA,Hampton in Arden,Solihull,52.42903313,-1.699930559
HAMSTED,Hamstead (Birmingham),HAMSTED,9100HAMSTED,Hamstead,Birmingham,52.53106842,-1.928977709
HMWTHY,Hamworthy,HMWTHY,9100HMWTHY,Hamworthy,Poole,50.72519185,-2.019356963
HANDBRO,Hanborough,HANDBRO,9100HANDBRO,Long Hanborough,,51.82515811,-1.373525414
HNDFRTH,Handforth,HNDFRTH,9100HNDFRTH,Handforth,Wilmslow,53.34649322,-2.213633294
HANWELL,Hanwell,HANWELL,9100HANWELL,Hanwell,London,51.51183495,-0.338583426
HAPTON,Hapton,HAPTON,9100HAPTON,Hapton,,53.7816141,-2.316911389
HRLC,Harlech,HRLC,9100HRLC,Harlech,,52.86132858,-4.10919048
HARLSDN,Harlesden,HARLSDN,9100HARLSDN,Harlesden,London,51.53628914,-0.257667497
HRLNGRD,Harling Road,HRLNGRD,9100HRLNGRD,Harling Road,,52.4536899,0.909142404
HRLG,Harlington (Beds),HRLG,9100HRLG,Harlington,,51.96206206,-0.495689862
HRLWMIL,Harlow Mill,HRLWMIL,9100HRLWMIL,Harlow Mill,Harlow,51.79036546,0.132307641
HRLWTWN,Harlow Town,HRLWTWN,9100HRLWTWN,Harlow,,51.78107034,0.095131882
HRLDWOD,Harold Wood,HRLDWOD,9100HRLDWOD,Harold Wood,,51.59276614,0.233128694
HRPNDN,Harpenden,HRPNDN,9100HRPNDN,Harpenden,,51.81464489,-0.351480451
HRSM,Harrietsham,HRSM,9100HRSM,Harrietsham,,51.24483287,0.672399446
HRGY,Harringay,HRGY,9100HRGY,Harringay,London,51.57735827,-0.105136058
HRGYGL,Harringay Green Lanes,HRGYGL,9100HRGYGL,Harringay,London,51.57718221,-0.098143697
HNGT,Harrington,HNGT,9100HNGT,Harrington,,54.6134845,-3.565514657
HAGT,Harrogate,HAGT,9100HAGT,Harrogate,,53.99317683,-1.537607755
HROWDC,Harrow & Wealdstone,HROWDC|HROW,9100HROWDC,Harrow,London,51.59217767,-0.334571071
HAROOTH,Harrow-on-the-Hill,HAROOTH,9100HAROOTH,Harrow on the Hill,Harrow,51.57918562,-0.337225361
HARTFD,Hartford,HARTFD,9100HARTFD,Hartford,Northwich,53.24175825,-2.553629421
HBRY,Hartlebury,HBRY,9100HBRY,Hartlebury,,52.33449497,-2.221118903
HRTLEPL,Hartlepool,HRTLEPL,9100HRTLEPL,Hartlepool,,54.68675549,-1.207316189
HRTW,Hartwood,HRTW,9100HRTW,Hartwood,,55.81148069,-3.839321875
PRKSTON,Harwich International,PRKSTON,9100PRKSTON,Harwich International Port,,51.9472895,1.255124492
HARWICH,Harwich Town,HARWICH,9100HARWICH,Harwich,,51.9441454,1.286681923
HASLEMR,Haslemere,HASLEMR,9100HASLEMR,Haslemere,,51.08864819,-0.719162568
HASOCKS,Hassocks,HASOCKS,9100HASOCKS,Hassocks,,50.92461582,-0.145952981
HASTING,Hastings,HASTING,9100HASTING,Hastings,,50.85789593,0.576741903
HTCHEND,Hatch End,HTCHEND,9100HTCHEND,Hatch End,London,51.60941693,-0.368601364
HTFLASF,Hatfield & Stainforth,HTFLASF,9100HTFLASF,Stainforth,,53.58871533,-1.023377232
HATFILD,Hatfield (Herts),HATFILD,9100HATFILD,Hatfield,,51.76387949,-0.215588532
HFLPEVL,Hatfield Peverel,HFLPEVL,9100HFLPEVL,Hatfield Peverel,,51.77986438,0.592123816
HATHRSG,Hathersage,HATHRSG,9100HATHRSG,Hathersage,,53.32577312,-1.651718605
HATRSLY,Hattersley,HATRSLY,9100HATRSLY,Hattersley,,53.44528253,-2.040310538
HATTON,Hatton (Warks),HATTON,9100HATTON,Hatton,,52.29527782,-1.672975142
HAVANT,Havant,HAVANT,9100HAVANT,Havant,,50.85442708,-0.981611424
HAVENHS,Havenhouse,HAVENHS,9100HAVENHS,Havenhouse,,53.11446842,0.273167505
HAVRFDW,Haverfordwest,HAVRFDW,9100HAVRFDW,Haverfordwest,,51.80263207,-4.960203208
HAWARDN,Hawarden,HAWARDN,9100HAWARDN,Hawarden,,53.18535856,-3.032080733
HAWDNBG,Hawarden Bridge,HAWDNBG,9100HAWDNBG,Hawarden,,53.21807398,-3.032717443
HWKHEAD,Hawkhead,HWKHEAD,9100HWKHEAD,Hawkhead,Paisley,55.84219036,-4.398850861
HYDB,Haydon Bridge,HYDB,9100HYDB,Haydon Bridge,,54.97517572,-2.247587691
HYDNSRD,Haydons Road,HYDNSRD,9100HYDNSRD,South Wimbledon,London,51.42544795,-0.188814631
HAYESAH,Hayes & Harlington,HAYESAH,9100HAYESAH,Hayes Town,London,51.50309561,-0.420683476
HAYS,Hayes (Kent),HAYS,9100HAYS,Hayes,London,51.37633385,0.010556791
HAYLE,Hayle,HAYLE,9100HAYLE,Hayle,,50.18556272,-5.419836211
HAYMRKT,Haymarket,HAYMRKT,9100HAYMRKT,Haymarket,Edinburgh,55.94580779,-3.218449447
HYWRDSH,Haywards Heath,HYWRDSH,9100HYWRDSH,Haywards Heath,,51.00568169,-0.105077702
HAZL,Hazel Grove,HAZL,9100HAZL,Hazel Grove,,53.3775431,-2.122019352
HBOLTN,Headbolt Lane,HBOLTN,9100HBOLTN,Tower Hill,Kirkby,53.491136,-2.885591
HEADCRN,Headcorn,HEADCRN,9100HEADCRN,Headcorn,,51.16571425,0.627481845
HEDNGLY,Headingley,HEDNGLY,9100HEDNGLY,Headingley,Leeds,53.81797396,-1.594188004
HEDSTNL,Headstone Lane,HEDSTNL,9100HEDSTNL,Hatch End,London,51.60264899,-0.357219764
HLDG,Heald Green,HLDG,9100HLDG,Heald Green,,53.36941569,-2.23666734
HEALING,Healing,HEALING,9100HEALING,Healing,,53.58179889,-0.160629849
HEATHHL,Heath High Level,HEATHHL,9100HEATHHL,Heath,Cardiff,51.51643041,-3.181541429
HEATHLL,Heath Low Level,HEATHLL,9100HEATHLL,Heath,Cardiff,51.5156618,-3.181968302
HTRWTM4,Heathrow Terminal 4,HTRWTM4,9100HTRWTM4,Heathrow Airport Terminal 4,Heathrow Airport,51.45826766,-0.445463396
HTRWTM5,Heathrow Terminal 5,HTRWTM5,9100HTRWTM5,Heathrow Airport Terminal 5,Heathrow Airport,51.47005255,-0.490588967
HTRWAPT,Heathrow Terminals 2 & 3,HTRWAPT,9100HTRWAPT,Heathrow Airport Terminals 1-3,Heathrow Airport,51.47185225,-0.454101551
HTCP,Heaton Chapel,HTCP,9100HTCP,Heaton Chapel,,53.42555991,-2.179041507
HBDNBDG,Hebden Bridge,HBDNBDG,9100HBDNBDG,Hebden Bridge,,53.73758749,-2.009058707
HCKNGTN,Heckington,HCKNGTN,9100HCKNGTN,Heckington,,52.97731772,-0.293944357
HEDGEND,Hedge End,HEDGEND,9100HEDGEND,Hedge End,,50.93231954,-1.294503318
HDNS,Hednesford,HDNS,9100HDNS,Hednesford,Cannock,52.71011128,-2.001777938
HGHNGTN,Heighington,HGHNGTN,9100HGHNGTN,Aycliffe Industrial Estate,Newton Aycliffe,54.59696036,-1.581765064
HLNSBRC,Helensburgh Central,HLNSBRC,9100HLNSBRC,Helensburgh,,56.00420813,-4.732757817
HLNSBRU,Helensburgh Upper,HLNSBRU,9100HLNSBRU,Helensburgh,,56.01236324,-4.729804013
HELIFLD,Hellifield,HELIFLD,9100HELIFLD,Hellifield,,54.01086242,-2.227844612
HELMSDL,Helmsdale,HELMSDL,9100HELMSDL,Helmsdale,,58.11743877,-3.658687575
HELSBY,Helsby,HELSBY,9100HELSBY,Helsby,,53.27520136,-2.771206612
HEMLHMP,Hemel Hempstead,HEMLHMP,9100HEMLHMP,Hemel Hempstead,,51.74233298,-0.490773743
HDON,Hendon,HDON,9100HDON,Hendon,London,51.58006796,-0.238674063
HENGOED,Hengoed,HENGOED,9100HENGOED,Hengoed,,51.64740881,-3.22412792
HENLYIA,Henley-in-Arden,HENLYIA,9100HENLYIA,Henley-in-Arden,,52.29148716,-1.78399102
HNLYOT,Henley-on-Thames,HNLYOT,9100HNLYOT,Henley-on-Thames,,51.5341801,-0.900212153
HENSALL,Hensall,HENSALL,9100HENSALL,Hensall,,53.69854481,-1.114518633
HEREFRD,Hereford,HEREFRD,9100HEREFRD,Hereford,,52.0611622,-2.708210181
HRNEBAY,Herne Bay,HRNEBAY,9100HRNEBAY,Herne Bay,,51.36459303,1.117725975
HERNEH,Herne Hill,HERNEH,9100HERNEH,Herne Hill,London,51.45330504,-0.102289092
HERSHAM,Hersham,HERSHAM,9100HERSHAM,Hersham,,51.37681205,-0.389959186
HERTFDE,Hertford East,HERTFDE,9100HERTFDE,Hertford,,51.79903486,-0.072941347
HFDN,Hertford North,HFDN,9100HFDN,Hertford,,51.7988567,-0.091788468
HESSLE,Hessle,HESSLE,9100HESSLE,Hessle,,53.71743801,-0.441823121
HESWALL,Heswall,HESWALL,9100HESWALL,Heswall,,53.32971706,-3.073702728
HEVER,Hever,HEVER,9100HEVER,Hever,,51.18141115,0.095069412
HEWORTH,Heworth,HEWORTH,9100HEWORTH,Heworth,Gateshead,54.95156812,-1.555766104
HEXHAM,Hexham,HEXHAM,9100HEXHAM,Hexham,,54.97345905,-2.094794575
HEYFORD,Heyford,HEYFORD,9100HEYFORD,Lower Heyford,,51.91919029,-1.29926997
HEYMST,Heysham Port,HEYMST,9100HEYMST,Heysham,Morecambe,54.03314385,-2.913114322
HBROOMS,High Brooms,HBROOMS,9100HBROOMS,High Brooms,Tunbridge Wells,51.14940496,0.277332296
GLGHST,High Street (Glasgow),GLGHST,9100GLGHST,Glasgow,,55.8595641,-4.24011796
HWYCOMB,High Wycombe,HWYCOMB,9100HWYCOMB,High Wycombe,,51.62958597,-0.745409812
HIGM,Higham,HIGM,9100HIGM,Higham,,51.42655912,0.466277808
HGHMSPK,Highams Park,HGHMSPK,9100HGHMSPK,Highams Park,London,51.60835018,-0.000222186
HGHBRDG,Highbridge & Burnham-on-Sea,HGHBRDG,9100HGHBRDG,Highbridge,Burnham-on-Sea,51.21815678,-2.972153421
HGHI,Highbury & Islington,HGHI|HIGHBYA,9100HGHI,Highbury,London,51.54617715,-0.103763638
HITN,Hightown,HITN,9100HITN,Hightown,,53.52510579,-3.057067946
HLDNBRO,Hildenborough,HLDNBRO,9100HLDNBRO,Hildenborough,,51.21448616,0.227589989
HLFT,Hillfoot,HLFT,9100HLFT,Hillfoot,Bearsden,55.92009248,-4.320274154
HLNGTNE,Hillington East,HLNGTNE,9100HLNGTNE,Hillington,Glasgow,55.8541825,-4.355010235
HLNGTNW,Hillington West,HLNGTNW,9100HLNGTNW,Hillington,Glasgow,55.85602118,-4.37158001
HILLSID,Hillside,HILLSID,9100HILLSID,Hillside,Southport,53.6221061,-3.024716377
HILSEA,Hilsea,HILSEA,9100HILSEA,Hilsea,Portsmouth,50.8282766,-1.05879733
HNCHLYW,Hinchley Wood,HNCHLYW,9100HNCHLYW,Hinchley Wood,,51.37499827,-0.340524463
HINCKLY,Hinckley,HINCKLY,9100HINCKLY,Hinckley,,52.53499849,-1.371923215
HINDLEY,Hindley,HINDLEY,9100HINDLEY,Hindley,Wigan,53.54223673,-2.575501647
HINTONA,Hinton Admiral,HINTONA,9100HINTONA,Hinton,,50.75264004,-1.714126522
HITCHIN,Hitchin,HITCHIN,9100HITCHIN,Hitchin,,51.95328253,-0.263480765
HTHRGRN,Hither Green,HTHRGRN,9100HTHRGRN,Hither Green,London,51.45202528,-0.000944168
HOCKLEY,Hockley,HOCKLEY,9100HOCKLEY,Hockley,,51.60355623,0.659001199
HBRN,Hollingbourne,HBRN,9100HBRN,Hollingbourne,,51.26517892,0.627848294
HCHP,Holmes Chapel,HCHP,9100HCHP,Holmes Chapel,,53.19893105,-2.351139788
HLMW,Holmwood,HLMW,9100HLMW,Holmwood,,51.18119572,-0.320808911
HOLTONH,Holton Heath,HOLTONH,9100HOLTONH,Holton Heath,,50.71140854,-2.07784478
HLYH,Holyhead,HLYH,9100HLYH,Holyhead,,53.30768385,-4.631002428
HOLYTWN,Holytown,HOLYTWN,9100HOLYTWN,Holytown,,55.81289803,-3.973928913
HOMRTON,Homerton,HOMRTON,9100HOMRTON,Homerton,Hackney,51.54701206,-0.042359753
HONYBRN,Honeybourne,HONYBRN,9100HONYBRN,Honeybourne,,52.10160039,-1.833742704
HONITON,Honiton,HONITON,9100HONITON,Honiton,,50.79658114,-3.186717847
HONLEY,Honley,HONLEY,9100HONLEY,Honley,Holmfirth,53.60822828,-1.780965299
HONROPK,Honor Oak Park,HONROPK,9100HONROPK,Honor Oak Park,London,51.44998899,-0.045505372
HOOK,Hook,HOOK,9100HOOK,Hook,,51.27999824,-0.961635707
HOOTON,Hooton,HOOTON,9100HOOTON,Hooton,,53.29719883,-2.977009287
HOPD,Hope (Derbyshire),HOPD,9100HOPD,Hope,,53.34611016,-1.729886717
HOPC,Hope (Flintshire),HOPC,9100HOPC,Hope,,53.11735746,-3.036875792
HOPTONH,Hopton Heath,HOPTONH,9100HOPTONH,Hopton Heath,,52.39141585,-2.912059612
HORD,Horden,HORD,9100HORD,Horden,,54.763879,-1.307347
HORLEY,Horley,HORLEY,9100HORLEY,Horley,,51.16877532,-0.161053504
HRNBPK,Hornbeam Park,HRNBPK,9100HRNBPK,Oatlands,Harrogate,53.97986894,-1.52682225
HRNSY,Hornsey,HRNSY,9100HRNSY,Hornsey,London,51.58646095,-0.111974984
HSFT,Horsforth,HSFT,9100HSFT,Horsforth,Leeds,53.84770571,-1.630228366
HORSHAM,Horsham,HORSHAM,9100HORSHAM,Horsham,,51.06606497,-0.31926942
HRSLEY,Horsley,HRSLEY,9100HRSLEY,East Horsley,,51.27934698,-0.435408596
HTNRIBL,Horton-in-Ribblesdale,HTNRIBL,9100HTNRIBL,Horton in Ribblesdale,,54.14938594,-2.302032671
HORWICH,Horwich Parkway,HORWICH,9100HORWICH,Horwich,,53.57810593,-2.539665945
HOSCAR,Hoscar,HOSCAR,9100HOSCAR,Hoscar,,53.59776816,-2.804420875
HOUGHGR,Hough Green,HOUGHGR,9100HOUGHGR,Hough Green,Widnes,53.37239136,-2.775065937
HOUNSLW,Hounslow,HOUNSLW,9100HOUNSLW,Hounslow,London,51.46194613,-0.362276878
HOVE,Hove,HOVE,9100HOVE,Hove,,50.83521636,-0.17068732
WROXHAM,Hoveton & Wroxham,WROXHAM,9100WROXHAM,Hoveton,Wroxham,52.71557126,1.407997253
HOWWOOD,How Wood (Herts),HOWWOOD,9100HOWWOOD,How Wood,,51.71774213,-0.344670375
HOWDEN,Howden,HOWDEN,9100HOWDEN,Howden,,53.76471123,-0.860463003
HOWOOD,Howwood (Renfrewshire),HOWOOD,9100HOWOOD,Howwood,,55.81056429,-4.563057999
HOXTON,Hoxton,HOXTON,9100HOXTON,Hoxton,London,51.53151167,-0.075681494
HOYLAKE,Hoylake,HOYLAKE,9100HOYLAKE,Hoylake,,53.39021032,-3.178830788
HBRTBDG,Hubberts Bridge,HBRTBDG,9100HBRTBDG,Hubberts Bridge,,52.97535291,-0.110528684
HUCKNAL,Hucknall,HUCKNAL,9100HUCKNAL,Hucknall,,53.03828406,-1.195811466
HDRSFLD,Huddersfield,HDRSFLD,9100HDRSFLD,Huddersfield,,53.6485023,-1.784690194
HULL,Hull,HULL,9100HULL,Hull,,53.74415039,-0.345679953
HMPHRYP,Humphrey Park,HMPHRYP,9100HMPHRYP,Humphrey Park,Lostock,53.45222829,-2.327537705
HUNCOAT,Huncoat,HUNCOAT,9100HUNCOAT,Huncoat,,53.77177709,-2.347561331
HUNGRFD,Hungerford,HUNGRFD,9100HUNGRFD,Hungerford,,51.41491026,-1.512286971
HUNMNBY,Hunmanby,HUNMNBY,9100HUNMNBY,Hunmanby,,54.17392577,-0.314556742
HNTNGDN,Huntingdon,HNTNGDN,9100HNTNGDN,Huntingdon,,52.32864895,-0.192067979
HNTL,Huntly,HNTL,9100HNTL,Huntly,,57.4444883,-2.775740006
HUNTSX,Hunts Cross,HUNTSX,9100HUNTSX,Hunts Cross,Liverpool,53.36071099,-2.855860957
HRSTGRN,Hurst Green,HRSTGRN,9100HRSTGRN,Hurst Green,,51.24443068,0.003939409
HTNCRNS,Hutton Cranswick,HTNCRNS,9100HTNCRNS,Hutton Cranswick,,53.95585502,-0.433861512
HUYTON,Huyton,HUYTON,9100HUYTON,Huyton,,53.40968404,-2.842988827
HYDEC,Hyde Central,HYDEC,9100HYDEC,Hyde,,53.45188333,-2.085250129
HYDEN,Hyde North,HYDEN,9100HYDEN,Hyde,,53.46479962,-2.085456835
HYKEHAM,Hykeham,HYKEHAM,9100HYKEHAM,North Hykeham,,53.19500504,-0.600196396
HYNDLND,Hyndland,HYNDLND,9100HYNDLND,Hyndland,Glasgow,55.87975405,-4.314668425
CLCHHYT,Hythe (Essex),CLCHHYT,9100CLCHHYT,The Hythe,Colchester,51.88563953,0.927527691
IBMM,IBM (Greenock),IBMM,9100IBMM,Greenock,,55.92944702,-4.827239999
IFIELD,Ifield,IFIELD,9100IFIELD,Ifield,Crawley,51.1156229,-0.214772077
ILFORD,Ilford,ILFORD,9100ILFORD,Ilford,London,51.55911753,0.069679534
ILKES,Ilkeston,ILKES,9100ILKES,Ilkeston,,52.97959198,-1.294931783
ILKLEY,Ilkley,ILKLEY,9100ILKLEY,Ilkley,,53.92476431,-1.82202749
CSEAH,Imperial Wharf,CSEAH,9100CSEAH,Sands End,London,51.4749491,-0.182822677
INEL,Ince & Elton,INEL,9100INEL,Ince,,53.27660749,-2.816522306
INCE,Ince (Manchester),INCE,9100INCE,Ince,Wigan,53.53891193,-2.611519662
INGTSTN,Ingatestone,INGTSTN,9100INGTSTN,Ingatestone,,51.66704308,0.384246826
INSCH,Insch,INSCH,9100INSCH,Insch,,57.33749853,-2.617112196
IVRGRD,Invergordon,IVRGRD,9100IVRGRD,Invergordon,,57.68901851,-4.174840373
INVGWRE,Invergowrie,INVGWRE,9100INVGWRE,Invergowrie,Dundee,56.4564733,-3.057397714
IVRKTHG,Inverkeithing,IVRKTHG,9100IVRKTHG,Inverkeithing,,56.03467705,-3.39618688
INVERKP,Inverkip,INVERKP,9100INVERKP,Inverkip,,55.90610443,-4.872586144
IVRNESS,Inverness,IVRNESS,9100IVRNESS,Inverness,,57.47986986,-4.223361021
IVRNAIR,Inverness Airport,IVRNAIR,9100IVRNAIR,Inverness Airport,,57.5335,-4.0552
INVRSHN,Invershin,INVRSHN,9100INVRSHN,Invershin,,57.92486909,-4.399477835
INVURIE,Inverurie,INVURIE,9100INVURIE,Inverurie,,57.28626722,-2.373559531
IPSWICH,Ipswich,IPSWICH,9100IPSWICH,Ipswich,,52.05059234,1.14442571
IRLAM,Irlam,IRLAM,9100IRLAM,Irlam,Salford,53.43430993,-2.433230128
IRVN,Irvine,IRVN,9100IRVN,Irvine,,55.61087413,-4.675145434
ISLEWTH,Isleworth,ISLEWTH,9100ISLEWTH,Isleworth,London,51.47476282,-0.336906726
ISLIP,Islip,ISLIP,9100ISLIP,Islip,,51.82575326,-1.238181636
IVER,Iver,IVER,9100IVER,Iver,,51.50850282,-0.50672595
IVYBDGE,Ivybridge,IVYBDGE,9100IVYBDGE,Ivybridge,,50.39341218,-3.904204129
JAMCOK,James Cook,JAMCOK,9100JAMCOK,James Cook Hospital,Middlesbrough,54.55203053,-1.208569349
BHAMJEW,Jewellery Quarter,BHAMJEW,9100BHAMJEW,Jewellery Quarter,Birmingham,52.48943465,-1.913212746
JHNSTND,Johnston (Pembrokeshire),JHNSTND,9100JHNSTND,Johnston,,51.7567467,-4.996328276
JOHNSTN,Johnstone,JOHNSTN,9100JOHNSTN,Johnstone,,55.83470868,-4.503637257
JORDANH,Jordanhill,JORDANH,9100JORDANH,Jordanhill,Glasgow,55.88270646,-4.324917862
KEARSLY,Kearsley,KEARSLY,9100KEARSLY,Kearsley,Farnworth,53.54413913,-2.375119644
KSNY,Kearsney,KSNY,9100KSNY,Kearsney,,51.14937566,1.272061449
KEIGHLY,Keighley,KEIGHLY,9100KEIGHLY,Keighley,,53.86796289,-1.901649475
KEITH,Keith,KEITH,9100KEITH,Keith,,57.55089916,-2.954068798
KELVEDN,Kelvedon,KELVEDN,9100KELVEDN,Kelvedon,,51.84070232,0.702385687
DAWSHLM,Kelvindale,DAWSHLM,9100DAWSHLM,Kelvindale,Glasgow,55.89355582,-4.309572579
KEMBLE,Kemble,KEMBLE,9100KEMBLE,Kemble,,51.67699556,-2.022817084
KMPSTNH,Kempston Hardwick,KMPSTNH,9100KMPSTNH,Kempston Hardwick,,52.09221834,-0.503913755
KMPTNPK,Kempton Park,KMPTNPK,9100KMPTNPK,Kempton Park,Sunbury,51.42098315,-0.409751255
KEMSING,Kemsing,KEMSING,9100KEMSING,Kemsing,,51.29718715,0.247428424
KMSLY,Kemsley,KMSLY,9100KMSLY,Kemsley,Sittingbourne,51.36244027,0.735357804
KENDAL,Kendal,KENDAL,9100KENDAL,Kendal,,54.33209589,-2.739646585
KENLSTN,Kenilworth,KENLSTN,9100KENLSTN,Kenilworth,,52.34270528,-1.572738228
KNLY,Kenley,KNLY,9100KNLY,Kenley,London,51.32477694,-0.100925342
KENNETT,Kennett,KENNETT,9100KENNETT,Kennett,,52.27726423,0.490464522
KENISHD,Kennishead,KENISHD,9100KENISHD,Kennishead,Glasgow,55.81331572,-4.325246158
KENSLG,Kensal Green,KENSLG,9100KENSLG,Kensal Green,London,51.5305402,-0.225087586
KENR,Kensal Rise,KENR,9100KENR,Kensal Rise,London,51.534554,-0.219957037
KENOLYM,Kensington (Olympia),KENOLYM,9100KENOLYM,Olympia,London,51.49789881,-0.210364061
KENTHOS,Kent House,KENTHOS,9100KENTHOS,Penge & Sydenham,London,51.41221522,-0.045247369
KNTSHTN,Kentish Town,KNTSHTN,9100KNTSHTN,Kentish Town,London,51.5504949,-0.140364908
KNTSHTW,Kentish Town West,KNTSHTW,9100KNTSHTW,Kentish Town,London,51.54654784,-0.146655437
KTON,Kenton,KTON,9100KTON,Kenton,Harrow,51.58180154,-0.316980853
KTBK,Kents Bank,KTBK,9100KTBK,Kents Bank,,54.17290233,-2.925229186
KETR,Kettering,KETR,9100KETR,Kettering,,52.39355499,-0.731562198
KEWBDGE,Kew Bridge,KEWBDGE,9100KEWBDGE,Gunnersbury,London,51.48951286,-0.28710755
KEWGRDN,Kew Gardens,KEWGRDN,9100KEWGRDN,Kew,London,51.47707334,-0.285053514
KEYHAM,Keyham,KEYHAM,9100KEYHAM,Keyham,Plymouth,50.3898799,-4.179599195
KEYNSHM,Keynsham,KEYNSHM,9100KEYNSHM,Keynsham,,51.41797696,-2.49562891
KIDBROK,Kidbrooke,KIDBROK,9100KIDBROK,Kidbrooke,London,51.4621213,0.027497625
KDRMNST,Kidderminster,KDRMNST,9100KDRMNST,Kidderminster,,52.38448245,-2.238470727
KIDSGRV,Kidsgrove,KIDSGRV,9100KIDSGRV,Kidsgrove,,53.08656537,-2.244815835
KIDWELY,Kidwelly,KIDWELY,9100KIDWELY,Kidwelly,,51.7343418,-4.316985475
KLBRNHR,Kilburn High Road,KLBRNHR,9100KLBRNHR,Kilburn,London,51.53727747,-0.19223742
KLDL,Kildale,KLDL,9100KLDL,Kildale,,54.47775758,-1.068143423
KILDONN,Kildonan,KILDONN,9100KILDONN,Kildonan,,58.17080946,-3.869106085
KILGETY,Kilgetty,KILGETY,9100KILGETY,Kilgetty,,51.73210646,-4.715155706
KILMRNK,Kilmarnock,KILMRNK,9100KILMRNK,Kilmarnock,,55.61211761,-4.498684757
KLMAURS,Kilmaurs,KLMAURS,9100KLMAURS,Kilmaurs,,55.63720792,-4.53049038
KLPTRCK,Kilpatrick,KLPTRCK,9100KLPTRCK,Old Kilpatrick,Clydebank,55.92470139,-4.453411958
KILWNNG,Kilwinning,KILWNNG,9100KILWNNG,Kilwinning,,55.65595119,-4.710018613
KINBRAC,Kinbrace,KINBRAC,9100KINBRAC,Kinbrace,,58.25831268,-3.941207927
KINGHAM,Kingham,KINGHAM,9100KINGHAM,Kingham,,51.90224962,-1.628786187
KGHN,Kinghorn,KGHN,9100KGHN,Kinghorn,,56.06933753,-3.17415408
KIGSHTH,Kings Heath,KIGSHTH,9100KIGSHTH,Kings Heath,Birmingham,52.439197,-1.8927236
KLGL,Kings Langley,KLGL,9100KLGL,Kings Langley,,51.70635588,-0.43842187
KLYNN,Kings Lynn,KLYNN,9100KLYNN,Kings Lynn,,52.753924,0.403446683
KNORTON,Kings Norton,KNORTON,9100KNORTON,Cotteridge,Birmingham,52.41429066,-1.932325728
KNYMPTN,Kings Nympton,KNYMPTN,9100KNYMPTN,Kings Nympton,,50.93607409,-3.905410699
KGPK,Kings Park,KGPK,9100KGPK,Kings Park,Glasgow,55.81954307,-4.246516946
KINSSTN,Kings Sutton,KINSSTN,9100KINSSTN,Kings Sutton,,52.02135132,-1.280930547
KNGW,Kingsknowe,KNGW,9100KNGW,Kingsknowe,Edinburgh,55.91881345,-3.264966173
KGSTON,Kingston,KGSTON,9100KGSTON,Kingston Upon Thames,London,51.41275125,-0.301165709
KGWD,Kingswood,KGWD,9100KGWD,Kingswood,,51.29472472,-0.211247482
KGUSSIE,Kingussie,KGUSSIE,9100KGUSSIE,Kingussie,,57.07778173,-4.052192198
KNTBRY,Kintbury,KNTBRY,9100KNTBRY,Kintbury,,51.40252198,-1.445988845
KINTORE,Kintore,KINTORE,9100KINTORE,Kintore,,57.24351285,-2.350244228
KIRBYX,Kirby Cross,KIRBYX,9100KIRBYX,Kirby Cross,,51.84139789,1.214992705
KKSNDAL,Kirk Sandall,KKSNDAL,9100KKSNDAL,Kirk Sandall,Doncaster,53.56387811,-1.074061027
KKBY,Kirkby,KKBY,9100KKBY,Kirkby,,53.48619069,-2.902829201
KSTP,Kirkby Stephen,KSTP,9100KSTP,Kirkby Stephen,,54.454857,-2.368596596
KRKYCEN,Kirkby in Ashfield,KRKYCEN,9100KRKYCEN,Kirkby in Ashfield,,53.10009881,-1.253056631
KRKBYIF,Kirkby-in-Furness,KRKBYIF,9100KRKBYIF,Kirkby in Furness,,54.2327093,-3.187375703
KCLD,Kirkcaldy,KCLD,9100KCLD,Kirkcaldy,,56.11205808,-3.167028338
KRKC,Kirkconnel,KRKC,9100KRKC,Kirkconnel,,55.38830332,-3.998500278
KRKDALE,Kirkdale,KRKDALE,9100KRKDALE,Kirkdale,Liverpool,53.44089892,-2.981116813
KIRKHAM,Kirkham & Wesham,KIRKHAM,9100KIRKHAM,Kirkham,,53.78691524,-2.882940792
ZZTYKKH,Kirkhaugh,ZZTYKKH,9100ZZTYKKH,Kirkhaugh,,54.84338962,-2.476945241
KRKH,Kirkhill,KRKH,9100KRKH,Cambuslang,,55.81391346,-4.167104667
KRKNWTN,Kirknewton,KRKNWTN,9100KRKNWTN,Kirknewton,,55.88869087,-3.432511588
KRKSLFR,Kirkstall Forge,KRKSLFR,9100KRKSLFR,Hawksworth,Leeds,53.8237197,-1.622479269
KRKWOOD,Kirkwood,KRKWOOD,9100KRKWOOD,Coatbridge,,55.85418848,-4.048398256
KRTNLND,Kirton Lindsey,KRTNLND,9100KRTNLND,Kirton in Lindsey,,53.48483993,-0.593913356
KVTNBDG,Kiveton Bridge,KVTNBDG,9100KVTNBDG,Kiveton Park,,53.34095789,-1.267179358
KVTNPK,Kiveton Park,KVTNPK,9100KVTNPK,Kiveton Park,,53.33671499,-1.239844501
KNRSBGH,Knaresborough,KNRSBGH,9100KNRSBGH,Knaresborough,,54.00902377,-1.470416159
KNEBWTH,Knebworth,KNEBWTH,9100KNEBWTH,Knebworth,,51.86685484,-0.187288712
KNIGHTN,Knighton,KNIGHTN,9100KNIGHTN,Knighton,,52.34507262,-3.042195702
KNCKHLT,Knockholt,KNCKHLT,9100KNCKHLT,Knockholt Kent Station,,51.34578955,0.130847144
KNTNGLY,Knottingley,KNTNGLY,9100KNTNGLY,Knottingley,,53.70653732,-1.259178147
KNUCKLS,Knucklas,KNUCKLS,9100KNUCKLS,Knucklas,,52.35986148,-3.096877419
KNUTSFD,Knutsford,KNUTSFD,9100KNUTSFD,Knutsford,,53.30179054,-2.371790607
KYLELSH,Kyle of Lochalsh,KYLELSH,9100KYLELSH,Kyle of Lochalsh,,57.27977227,-5.71381265
LADYBNK,Ladybank,LADYBNK,9100LADYBNK,Ladybank,,56.27378152,-3.122275155
LDYW,Ladywell,LDYW,9100LDYW,Ladywell,Lewisham,51.45624432,-0.019040611
LAINDON,Laindon,LAINDON,9100LAINDON,Laindon,Basildon,51.56752359,0.42428902
LAIRG,Lairg,LAIRG,9100LAIRG,Lairg,,58.00182928,-4.399888814
LAKEIOW,Lake (Isle of Wight),LAKEIOW,9100LAKEIOW,Lake,,50.64647691,-1.166348471
LAKNHTH,Lakenheath,LAKNHTH,9100LAKNHTH,Lakenheath,,52.44740072,0.535197728
LAMPHEY,Lamphey,LAMPHEY,9100LAMPHEY,Lamphey,,51.66718654,-4.87325631
LANARK,Lanark,LANARK,9100LANARK,Lanark,,55.67360739,-3.773290221
LANCSTR,Lancaster,LANCSTR,9100LANCSTR,Lancaster,,54.04872996,-2.8074576
LNCG,Lancing,LNCG,9100LNCG,Lancing,,50.82708328,-0.323109187
LNDYW,Landywood,LNDYW,9100LNDYW,Landywood,,52.65654014,-2.020727684
LGBK,Langbank,LGBK,9100LGBK,Langbank,,55.92451952,-4.585274519
LGHO,Langho,LGHO,9100LGHO,Langho,,53.8048318,-2.448659005
LANGLEY,Langley (Berks),LANGLEY,9100LANGLEY,Langley,,51.50806229,-0.541756088
LGRN,Langley Green,LGRN,9100LGRN,Langley Green,Oldbury,52.49387123,-2.004964042
LGML,Langley Mill,LGML,9100LGML,Langley Mill,,53.01806031,-1.33124437
LNSD,Langside,LNSD,9100LNSD,Langside,Glasgow,55.82113298,-4.277340056
LWBY,Langwathby,LWBY,9100LWBY,Langwathby,,54.69435743,-2.663683692
LGWITH,Langwith - Whaley Thorns,LGWITH,9100LGWITH,Whaley Thorns,,53.23237902,-1.209258735
LAPFORD,Lapford,LAPFORD,9100LAPFORD,Lapford,,50.85700257,-3.810638822
LAPWRTH,Lapworth,LAPWRTH,9100LAPWRTH,Lapworth,,52.34225099,-1.725691222
LARBERT,Larbert,LARBERT,9100LARBERT,Larbert,,56.0227041,-3.830580677
LARGS,Largs,LARGS,9100LARGS,Largs,,55.79274324,-4.867197502
LARKHAL,Larkhall,LARKHAL,9100LARKHAL,Larkhall,,55.73859532,-3.975511643
LRNCKRK,Laurencekirk,LRNCKRK,9100LRNCKRK,Laurencekirk,,56.836805,-2.4655051
LAWRNCH,Lawrence Hill,LAWRNCH,9100LAWRNCH,Lawrence Hill,Bristol,51.45801127,-2.564429694
LAYTON,Layton (Lancs),LAYTON,9100LAYTON,Layton,Blackpool,53.8352679,-3.029990459
LAZKRKO,Lazonby & Kirkoswald,LAZKRKO,9100LAZKRKO,Lazonby,,54.75043672,-2.703208614
LEABDGE,Lea Bridge,LEABDGE,9100LEABDGE,Lea Bridge,London,51.5665478,-0.036672527
LEGR,Lea Green,LEGR,9100LEGR,Lea Green,Thatto Heath,53.42680955,-2.724977496
LEAHALL,Lea Hall,LEAHALL,9100LEAHALL,Lea Hall,Birmingham,52.4806429,-1.786011809
LEAGRVE,Leagrave,LEAGRVE,9100LEAGRVE,Leagrave,Luton,51.90515899,-0.458502573
LEALHLM,Lealholm,LEALHLM,9100LEALHLM,Lealholm,,54.46059185,-0.825715251
LMNGTNS,Leamington Spa,LMNGTNS,9100LMNGTNS,Leamington Spa,,52.28449039,-1.536209994
LEASOWE,Leasowe,LEASOWE,9100LEASOWE,Leasowe,Wallasey,53.40804575,-3.099593702
LETHRHD,Leatherhead,LETHRHD,9100LETHRHD,Leatherhead,,51.29881782,-0.333231899
LDBURY,Ledbury,LDBURY,9100LDBURY,Ledbury,,52.04525017,-2.425860299
LEEE,Lee,LEEE,9100LEEE,Lee,London,51.44975481,0.013492875
LEEDS,Leeds,LEEDS,9100LEEDS,Leeds,,53.79562656,-1.548025507
LESTER,Leicester,LESTER,9100LESTER,Leicester,,52.63142515,-1.125275449
LEIGHK,Leigh (Kent),LEIGHK,9100LEIGHK,Leigh,,51.19390087,0.210495012
LHONSEA,Leigh-on-Sea,LHONSEA,9100LHONSEA,Leigh-on-Sea,Southend-on-Sea,51.54127325,0.640411386
LTNBZRD,Leighton Buzzard,LTNBZRD,9100LTNBZRD,Leighton Buzzard,,51.91630577,-0.67700729
LELANT,Lelant,LELANT,9100LELANT,Lelant,,50.18412436,-5.436546673
LELANTS,Lelant Saltings,LELANTS,9100LELANTS,Lelant,,50.17877664,-5.440925785
LENHAM,Lenham,LENHAM,9100LENHAM,Lenham,,51.2344861,0.707759119
LENZIE,Lenzie,LENZIE,9100LENZIE,Lenzie,Kirkintilloch,55.9213183,-4.153890434
LEOMNST,Leominster,LEOMNST,9100LEOMNST,Leominster,,52.22568191,-2.730341063
LTCE,Letchworth Garden City,LTCE,9100LTCE,Letchworth,,51.979964,-0.229264082
LEUCHRS,Leuchars,LEUCHRS,9100LEUCHRS,Leuchars,,56.37510263,-2.893713049
LEVEN,Leven,LEVEN,9100LEVEN,Leven,,56.192386,-3.001894
LVHM,Levenshulme,LVHM,9100LVHM,Levenshulme,Manchester,53.44416288,-2.192669656
LEWES,Lewes,LEWES,9100LEWES,Lewes,,50.87063202,0.0113306
LEWISHM,Lewisham,LEWISHM,9100LEWISHM,Lewisham,London,51.46569174,-0.01402434
LEYLAND,Leyland,LEYLAND,9100LEYLAND,Leyland,,53.69885449,-2.687145091
LEYTNMR,Leyton Midland Road,LEYTNMR,9100LEYTNMR,Leyton,London,51.56972537,-0.008050551
LYTNSHR,Leytonstone High Road,LYTNSHR,9100LYTNSHR,Leytonstone,London,51.5635545,0.008416476
LCHC,Lichfield City,LCHC,9100LCHC,Lichfield,,52.68014656,-1.825419686
LCHTTVL,Lichfield Trent Valley,LCHTTVL,9100LCHTTVL,Lichfield,,52.68689403,-1.800228889
LCHTTVH,Lichfield Trent Valley High Level,LCHTTVH,9100LCHTTVH,Lichfield,,52.68689406,-1.800243682
LDLNGTN,Lidlington,LDLNGTN,9100LDLNGTN,Lidlington,,52.04153646,-0.558928319
LIMHSE,Limehouse,LIMHSE,9100LIMHSE,Limehouse,London,51.51253669,-0.039802784
LINCLNC,Lincoln Central,LINCLNC,9100LINCLNC,Lincoln,,53.22608715,-0.539921865
LINGFLD,Lingfield,LINGFLD,9100LINGFLD,Lingfield,,51.17645277,-0.007164547
LGWOOD,Lingwood,LGWOOD,9100LGWOOD,Lingwood,,52.62210207,1.489944609
LNLTHGW,Linlithgow,LNLTHGW,9100LNLTHGW,Linlithgow,,55.97645236,-3.595852126
ZZTYLIN,Lintley,ZZTYLIN,9100ZZTYLIN,Slaggyford,,54.85355307,-2.488310882
LIPHOOK,Liphook,LIPHOOK,9100LIPHOOK,Liphook,,51.07131622,-0.800228403
LISKARD,Liskeard,LISKARD,9100LISKARD,Liskeard,,50.44686461,-4.469575045
LISS,Liss,LISS,9100LISS,Liss,,51.04357108,-0.892867095
LTHH,Lisvane & Thornhill,LTHH,9100LTHH,Lisvane,Cardiff,51.54457888,-3.1856018
LTLKMBL,Little Kimble,LTLKMBL,9100LTLKMBL,Little Kimble,,51.75223182,-0.808452336
LTLSUTN,Little Sutton,LTLSUTN,9100LTLSUTN,Little Sutton,Ellesmere Port,53.28551486,-2.943292387
LITLBRO,Littleborough,LITLBRO,9100LITLBRO,Littleborough,,53.64299524,-2.094651354
LTLHMPT,Littlehampton,LTLHMPT,9100LTLHMPT,Littlehampton,,50.8101089,-0.545994745
LHVN,Littlehaven,LHVN,9100LHVN,Littlehaven,Horsham,51.07975123,-0.307980459
LTLPORT,Littleport,LTLPORT,9100LTLPORT,Littleport,,52.46238052,0.316559324
LVRPLCH,Liverpool Central,LVRPLCH,9100LVRPLCH,Liverpool,,53.40459976,-2.979168109
LVRPLCL,Liverpool Central Loop Line,LVRPLCL,9100LVRPLCL,Liverpool,,53.40459988,-2.97915307
JAMESST,Liverpool James Street,JAMESST,9100JAMESST,Liverpool,,53.40476383,-2.99195764
LVRPLSH,Liverpool Lime Street,LVRPLSH,9100LVRPLSH,Liverpool,,53.40730825,-2.977726028
LVRPLSL,Liverpool Lime Street Low Level,LVRPLSL,9100LVRPLSL,Liverpool,,53.40820698,-2.977746643
ALERTN,Liverpool South Parkway,ALERTN|LVRPSPY,9100ALERTN,Garston,Liverpool,53.35774409,-2.889127765
LVNSTNN,Livingston North,LVNSTNN,9100LVNSTNN,Deans,Livingston,55.90138364,-3.544350852
LVNSTNS,Livingston South,LVNSTNS,9100LVNSTNS,Murieston,Livingston,55.87169301,-3.501569147
LNAB,Llanaber,LNAB,9100LNAB,Llanaber,Barmouth,52.741503,-4.077175738
LBDR,Llanbedr,LBDR,9100LBDR,Llanbedr,,52.82085095,-4.110197412
LLBSTRD,Llanbister Road,LLBSTRD,9100LLBSTRD,Llanbister Road,,52.33642508,-3.213420759
LLBRDCH,Llanbradach,LLBRDCH,9100LLBRDCH,Llanbradach,,51.60325592,-3.233047578
LLANDAF,Llandaf,LLANDAF,9100LLANDAF,Llandaff,Cardiff,51.50843847,-3.228612299
LNDW,Llandanwg,LNDW,9100LNDW,Harlech,,52.83616179,-4.123856698
LNDC,Llandecwyn,LNDC,9100LNDC,Llandecwyn,,52.92068484,-4.057034676
LLDEILO,Llandeilo,LLDEILO,9100LLDEILO,Llandeilo,,51.88534434,-3.986889804
LLDVERY,Llandovery,LLDVERY,9100LLDVERY,Llandovery,,51.99531246,-3.802828856
LLDODW,Llandrindod,LLDODW,9100LLDODW,Llandrindod Wells,,52.24235966,-3.379137948
LUDO,Llandudno,LUDO,9100LUDO,Llandudno,,53.32091647,-3.82700117
LANDUDJ,Llandudno Junction,LANDUDJ,9100LANDUDJ,Llandudno Junction,,53.28394384,-3.809101849
LLDYBIE,Llandybie,LLDYBIE,9100LLDYBIE,Llandybie,,51.82103547,-4.003647267
LLNLLI,Llanelli,LLNLLI,9100LLNLLI,Llanelli,,51.67386667,-4.161303489
LANFRFC,Llanfairfechan,LANFRFC,9100LANFRFC,Llanfairfechan,,53.25728733,-3.983202598
LFPW,Llanfairpwll,LFPW,9100LFPW,Llanfairpwllgwyngyll,,53.22094505,-4.20921534
LLGADOG,Llangadog,LLGADOG,9100LLGADOG,Llangadog,,51.94021305,-3.893147026
LLGMMRW,Llangammarch,LLGMMRW,9100LLGMMRW,Llangammarch,,52.11429841,-3.554816574
LLGNNCH,Llangennech,LLGNNCH,9100LLGNNCH,Llangennech,,51.69113616,-4.078929386
LLGUNLO,Llangynllo,LLGUNLO,9100LLGUNLO,Llangynllo,,52.34962514,-3.161369198
LLHARAN,Llanharan,LLHARAN,9100LLHARAN,Llanharan,,51.53758574,-3.440778279
LLHLETH,Llanhilleth,LLHLETH,9100LLHLETH,Llanhilleth,,51.70030092,-3.135187587
LLISHEN,Llanishen,LLISHEN,9100LLISHEN,Llanishen,Cardiff,51.53274623,-3.181978335
LNRWST,Llanrwst,LNRWST,9100LNRWST,Llanrwst,,53.13885027,-3.794401044
LLNSMLT,Llansamlet,LLNSMLT,9100LLNSMLT,Llansamlet,,51.6615026,-3.88468523
LLNWTMR,Llantwit Major,LLNWTMR,9100LLNWTMR,Llantwit Major,,51.40974776,-3.481617178
LLWRDA,Llanwrda,LLWRDA,9100LLWRDA,Llanwrda,,51.96258673,-3.871673864
LLWRTYW,Llanwrtyd,LLWRTYW,9100LLWRTYW,Llanwrtyd Wells,,52.10471089,-3.632163351
LYNGRIL,Llwyngwril,LYNGRIL,9100LYNGRIL,Llwyngwril,,52.66678147,-4.087678958
LLWYNYP,Llwynypia,LLWYNYP,9100LLWYNYP,Llwyn-y-pia,,51.63400256,-3.453513446
LOCHAWE,Loch Awe,LOCHAWE,9100LOCHAWE,Lochawe,,56.4020161,-5.041975372
LCEILOB,Loch Eil Outward Bound,LCEILOB,9100LCEILOB,Loch Eil Outward Bound,,56.85526777,-5.191576525
LCHALRT,Lochailort,LCHALRT,9100LCHALRT,Lochailort,,56.88096341,-5.663394946
LCHESDE,Locheilside,LCHESDE,9100LCHESDE,Kinlocheil,,56.85540694,-5.290036453
LCHGLLY,Lochgelly,LCHGLLY,9100LCHGLLY,Lochgelly,,56.13532964,-3.312939734
LCHLCHR,Lochluichart,LCHLCHR,9100LCHLCHR,Lochluichart,,57.6217569,-4.809048801
LCHWNCH,Lochwinnoch,LCHWNCH,9100LCHWNCH,Lochwinnoch,,55.78715596,-4.616075272
LCKRBIE,Lockerbie,LCKRBIE,9100LCKRBIE,Lockerbie,,55.12305313,-3.353532815
LKWD,Lockwood,LKWD,9100LKWD,Lockwood,Huddersfield,53.63473324,-1.800790742
BLFR,London Blackfriars,BLFR,9100BLFR,Blackfriars,London,51.51180973,-0.103331992
LNDNBDC,London Bridge,LNDNBDC|LNDNBDE,9100LNDNBDC,London Bridge,London,51.50501904,-0.086092005
CANONST,London Cannon Street,CANONST,9100CANONST,Cannon Street,City of London,51.51138232,-0.090292899
CHRX,London Charing Cross,CHRX,9100CHRX,Charing Cross,London,51.50802739,-0.124802109
EUSTON,London Euston,EUSTON,9100EUSTON,Euston,London,51.52813624,-0.133923556
FENCHRS,London Fenchurch Street,FENCHRS,9100FENCHRS,City of London,London,51.51164583,-0.078896687
LONFLDS,London Fields,LONFLDS,9100LONFLDS,Hackney,London,51.54115298,-0.057753292
KNGX,London Kings Cross,KNGX,9100KNGX,Kings Cross,London,51.53088334,-0.122925911
LIVST,London Liverpool Street,LIVST|LIVSTLL,9100LIVST,Liverpool Street,City of London,51.51799103,-0.081425944
MARYLBN,London Marylebone,MARYLBN,9100MARYLBN,Marylebone,London,51.52252388,-0.162910827
PADTON,London Paddington,PADTON|PADTLL,9100PADTON,Paddington,London,51.5159955,-0.176173899
BRGHLRD,London Road (Brighton),BRGHLRD,9100BRGHLRD,Brighton,,50.83666292,-0.136502265
LRDGFD,London Road (Guildford),LRDGFD,9100LRDGFD,Guildford,,51.24064971,-0.565068894
STPADOM,London St Pancras International,STPADOM|STPX,9100STPADOM,St Pancras,London,51.53251358,-0.12646339
STPXBOX,London St Pancras International LL,STPXBOX,9100STPXBOX,St Pancras,London,51.53216792,-0.127342664
VICTRIE,London Victoria,VICTRIE|VICTRIC,9100VICTRIE,Victoria,London,51.49525727,-0.144544332
WATRLMN,London Waterloo,WATRLMN,9100WATRLMN,Waterloo,London,51.50329861,-0.113108867
WLOE,London Waterloo East,WLOE,9100WLOE,Waterloo,London,51.50407609,-0.108898084
LNGBKBY,Long Buckby,LNGBKBY,9100LNGBKBY,Long Buckby,,52.2947162,-1.086466763
LNGEATN,Long Eaton,LNGEATN,9100LNGEATN,Long Eaton,,52.88498773,-1.287520501
LPRESTN,Long Preston,LPRESTN,9100LPRESTN,Long Preston,,54.01683729,-2.255591971
LONGBCK,Longbeck,LONGBCK,9100LONGBCK,Redcar,,54.58921807,-1.030472859
LONB,Longbridge,LONB,9100LONB,Longbridge,Birmingham,52.39641819,-1.981291531
LNGCROS,Longcross,LNGCROS,9100LNGCROS,Longcross,,51.38517284,-0.594569926
LGFD,Longfield,LGFD,9100LGFD,Longfield,,51.39615525,0.300364242
LNGNDRY,Longniddry,LNGNDRY,9100LNGNDRY,Longniddry,,55.97648434,-2.888343048
LNGP,Longport,LNGP,9100LNGP,Longport,Stoke-on-Trent,53.04188173,-2.216447847
LNTN,Longton,LNTN,9100LNTN,Longton,Stoke-on-Trent,52.98995275,-2.137010561
LOOE,Looe,LOOE,9100LOOE,Looe,,50.35922537,-4.456163726
LOSTCKP,Lostock,LOSTCKP,9100LOSTCKP,Lostock,,53.57292715,-2.494266093
LSTG,Lostock Gralam,LSTG,9100LSTG,Lostock Gralam,Northwich,53.26766467,-2.465202982
LSTH,Lostock Hall,LSTH,9100LSTH,Lostock Hall,,53.72424443,-2.68748334
LSTWTHL,Lostwithiel,LSTWTHL,9100LSTWTHL,Lostwithiel,,50.40717781,-4.665965773
LOGHBRO,Loughborough (Leics),LOGHBRO,9100LOGHBRO,Loughborough,,52.7789545,-1.195928485
LBGHJN,Loughborough Junction,LBGHJN,9100LBGHJN,Brixton,London,51.46629765,-0.102182003
LOWMOOR,Low Moor,LOWMOOR,9100LOWMOOR,Low Moor,Bradford,53.74992698,-1.753403849
LOWDHAM,Lowdham,LOWDHAM,9100LOWDHAM,Lowdham,,53.00628486,-0.998418983
LSYDNHM,Lower Sydenham,LSYDNHM,9100LSYDNHM,Lower Sydenham,London,51.42483076,-0.033345404
LOWSTFT,Lowestoft,LOWSTFT,9100LOWSTFT,Lowestoft,,52.47443783,1.749708046
LUDLOW,Ludlow,LUDLOW,9100LUDLOW,Ludlow,,52.37127831,-2.716216818
LUTON,Luton,LUTON,9100LUTON,Luton,,51.88230485,-0.414040142
LUTOAPY,Luton Airport Parkway,LUTOAPY,9100LUTOAPY,Luton Airport,Luton,51.87243756,-0.395880936
LUXULYN,Luxulyan,LUXULYN,9100LUXULYN,Luxulyan,,50.39003539,-4.747383893
LYDNEY,Lydney,LYDNEY,9100LYDNEY,Lydney,,51.71413581,-2.53086367
LYEE,Lye (West Midlands),LYEE,9100LYEE,Lye,Stourbridge,52.45992213,-2.115929236
LMTNPIR,Lymington Pier,LMTNPIR,9100LMTNPIR,Lymington,,50.75830046,-1.529446891
LMTNTWN,Lymington Town,LMTNTWN,9100LMTNTWN,Lymington,,50.76091221,-1.537161968
LYMPSTC,Lympstone Commando,LYMPSTC,9100LYMPSTC,Lympstone,,50.66223744,-3.440839706
LYMPSTN,Lympstone Village,LYMPSTN,9100LYMPSTN,Lympstone,,50.64829308,-3.431006606
LYTHAM,Lytham,LYTHAM,9100LYTHAM,Lytham,,53.7392812,-2.964039644
MACLSFD,Macclesfield,MACLSFD,9100MACLSFD,Macclesfield,,53.25934192,-2.121981767
MCHYNLT,Machynlleth,MCHYNLT,9100MCHYNLT,Machynlleth,,52.59513665,-3.854527449
MAESTGW,Maesteg,MAESTGW,9100MAESTGW,Maesteg,,51.60993835,-3.65464559
MAESTER,Maesteg (Ewenny Road),MAESTER,9100MAESTER,Maesteg,,51.60534202,-3.648990925
MAGHULL,Maghull,MAGHULL,9100MAGHULL,Maghull,,53.50647001,-2.930852921
MAGHNTH,Maghull North,MAGHNTH,9100MAGHNTH,Moss Side,Maghull,53.5167,-2.9213
MDNNWTN,Maiden Newton,MDNNWTN,9100MDNNWTN,Maiden Newton,,50.78000622,-2.569429584
MDNHEAD,Maidenhead,MDNHEAD,9100MDNHEAD,Maidenhead,,51.51866897,-0.722660445
MSTONEB,Maidstone Barracks,MSTONEB,9100MSTONEB,Maidstone,,51.27716948,0.513960255
MSTONEE,Maidstone East,MSTONEE,9100MSTONEE,Maidstone,,51.27783011,0.521295166
MSTONEW,Maidstone West,MSTONEW,9100MSTONEW,Maidstone,,51.27046619,0.515773538
MALDENM,Malden Manor,MALDENM,9100MALDENM,Old Malden,London,51.38473,-0.261273906
MLAIG,Mallaig,MLAIG,9100MLAIG,Mallaig,,57.00598888,-5.829596547
MALTON,Malton,MALTON,9100MALTON,Malton,,54.13207595,-0.797222039
MLVRNLK,Malvern Link,MLVRNLK,9100MLVRNLK,Malvern Link,The Malverns,52.12546818,-2.319511543
MNCRIAP,Manchester Airport,MNCRIAP,9100MNCRIAP,Manchester Airport,Manchester,53.36504153,-2.272979521
MNCROXR,Manchester Oxford Road,MNCROXR,9100MNCROXR,Manchester City Centre,Manchester,53.47403168,-2.24199541
MNCRPIC,Manchester Piccadilly,MNCRPIC,9100MNCRPIC,Manchester City Centre,Manchester,53.47736139,-2.2309099
MNCRUFG,Manchester United FC,MNCRUFG,9100MNCRUFG,Old Trafford,,53.46219317,-2.290652836
MNCRVIC,Manchester Victoria,MNCRVIC,9100MNCRVIC,Manchester City Centre,Manchester,53.4874682,-2.242599438
MANEA,Manea,MANEA,9100MANEA,Manea,,52.49783882,0.177693752
MANNGTR,Manningtree,MANNGTR,9100MANNGTR,Manningtree,,51.94905152,1.045240014
MANRPK,Manor Park,MANRPK,9100MANRPK,Manor Park,London,51.55247666,0.046341622
MNRD,Manor Road,MNRD,9100MNRD,Hoylake,,53.39477766,-3.171437624
MNORBER,Manorbier,MNORBER,9100MNORBER,Manorbier,,51.66015819,-4.791830074
MANORS,Manors,MANORS,9100MANORS,Manors,Newcastle upon Tyne,54.97276497,-1.604740937
MFLDTWN,Mansfield,MFLDTWN,9100MFLDTWN,Mansfield,,53.14210086,-1.198434038
MFLDWSE,Mansfield Woodhouse,MFLDWSE,9100MFLDWSE,Mansfield Woodhouse,,53.16356297,-1.201848476
MRCH,March,MRCH,9100MRCH,March,,52.55989383,0.091197833
MARDEN,Marden,MARDEN,9100MARDEN,Marden,,51.17517583,0.493169351
MARGATE,Margate,MARGATE,9100MARGATE,Margate,,51.38542891,1.372003433
MRKTHRB,Market Harborough,MRKTHRB,9100MRKTHRB,Market Harborough,,52.47972179,-0.909332173
MKTR,Market Rasen,MKTR,9100MKTR,Market Rasen,,53.38391268,-0.336898739
MKIN,Markinch,MKIN,9100MKIN,Markinch,,56.20101543,-3.130786866
MRKSTEY,Marks Tey,MRKSTEY,9100MRKSTEY,Marks Tey,,51.88093895,0.783327508
MARLOW,Marlow,MARLOW,9100MARLOW,Marlow,,51.57099342,-0.766430699
MARPLE,Marple,MARPLE,9100MARPLE,Marple,,53.4006925,-2.057263306
MRSN,Marsden,MRSN,9100MRSN,Marsden,Huddersfield,53.60318618,-1.930749784
MSBTN,Marsh Barton,MSBTN,9100MSBTN,Marsh Barton,Exeter,50.7043,-3.52133
MRSK,Marske,MRSK,9100MRSK,Marske,,54.58741736,-1.018909675
MRSTNGR,Marston Green,MRSTNGR,9100MRSTNGR,Marston Green,Solihull,52.46718898,-1.75560688
MMIL,Martin Mill,MMIL,9100MMIL,Martin Mill,,51.170678,1.348217193
MHERON,Martins Heron,MHERON,9100MHERON,Martins Heron,Bracknell,51.40741165,-0.724396598
MARTON,Marton,MARTON,9100MARTON,Ormesby,,54.5443431,-1.198484874
MRYHILL,Maryhill,MRYHILL,9100MRYHILL,Maryhill,Glasgow,55.89763074,-4.300745077
MRYLAND,Maryland,MRYLAND,9100MRYLAND,Stratford,London,51.54608136,0.005815212
MPRT,Maryport,MPRT,9100MPRT,Maryport,,54.7113194,-3.494074385
MATLOCK,Matlock,MATLOCK,9100MATLOCK,Matlock,,53.13840761,-1.558910734
MATLCKB,Matlock Bath,MATLCKB,9100MATLCKB,Matlock Bath,,53.12235418,-1.556758861
MLDTHRD,Mauldeth Road,MLDTHRD,9100MLDTHRD,Burnage,Manchester,53.4330611,-2.209251224
MAXWLPK,Maxwell Park,MAXWLPK,9100MAXWLPK,Crossmyloof,Glasgow,55.83772893,-4.288691862
MAYBOLE,Maybole,MAYBOLE,9100MAYBOLE,Maybole,,55.35473635,-4.685288739
MAZEH,Maze Hill,MAZEH,9100MAZEH,Greenwich,London,51.48262466,0.002914209
MEADWHL,Meadowhall,MEADWHL,9100MEADWHL,Meadowhall,Sheffield,53.41746623,-1.412851468
MELDRTH,Meldreth,MELDRTH,9100MELDRTH,Meldreth,,52.09071674,0.008941295
MELKSHM,Melksham,MELKSHM,9100MELKSHM,Melksham,,51.37982292,-2.144496977
MELTON,Melton (Suffolk),MELTON,9100MELTON,Melton,,52.10443905,1.338236769
MLTNSDG,Melton Mowbray,MLTNSDG,9100MLTNSDG,Melton Mowbray,,52.76103094,-0.885869231
MENHENT,Menheniot,MENHENT,9100MENHENT,Menheniot,,50.42622869,-4.409223028
MENSTON,Menston,MENSTON,9100MENSTON,Menston,Ilkley,53.89233887,-1.735510042
MELS,Meols,MELS,9100MELS,Meols,Hoylake,53.39943946,-3.154269181
MEOLSCP,Meols Cop,MEOLSCP,9100MEOLSCP,Meols Cop,Southport,53.64627181,-2.975803771
MEOPHAM,Meopham,MEOPHAM,9100MEOPHAM,Meopham,,51.38642383,0.356951595
MWRWSTN,Meridian Water,MWRWSTN,9100MWRWSTN,Upper Edmonton,London,51.61010188,-0.050897661
MRRYTON,Merryton,MRRYTON,9100MRRYTON,Larkhall,,55.74870651,-3.978253509
MERSTHM,Merstham,MERSTHM,9100MERSTHM,Merstham,,51.26415421,-0.150225603
MERTHYR,Merthyr Tydfil,MERTHYR,9100MERTHYR,Merthyr Tydfil,,51.74462171,-3.377250395
MERTHRV,Merthyr Vale,MERTHRV,9100MERTHRV,Merthyr Vale,,51.68664542,-3.33657559
MTHRNGH,Metheringham,MTHRNGH,9100MTHRNGH,Metheringham,,53.13887987,-0.391453067
GTSHDMC,Metrocentre,GTSHDMC,9100GTSHDMC,Metrocentre,Gateshead,54.95874917,-1.665625884
MEXBRGH,Mexborough,MEXBRGH,9100MEXBRGH,Mexborough,,53.49099231,-1.288561307
MCHLDVR,Micheldever,MCHLDVR,9100MCHLDVR,Micheldever Station,,51.18239316,-1.260677674
MCKLFLD,Micklefield,MCKLFLD,9100MCKLFLD,Micklefield,Leeds,53.78883681,-1.326793071
MDLSBRO,Middlesbrough,MDLSBRO,9100MDLSBRO,Middlesbrough,,54.57910596,-1.234717204
MDWD,Middlewood,MDWD,9100MDWD,Middlewood,,53.35995877,-2.083353071
MIDGHAM,Midgham,MIDGHAM,9100MIDGHAM,Woolhampton,,51.3959749,-1.177711147
MLFORD,Milford (Surrey),MLFORD,9100MLFORD,Milford,,51.16331927,-0.636948299
MLFDHVN,Milford Haven,MLFDHVN,9100MLFDHVN,Milford Haven,,51.71497308,-5.040968495
MLHL,Mill Hill (Lancs),MLHL,9100MLHL,Mill Hill,Blackburn,53.73545797,-2.501735324
MLHB,Mill Hill Broadway,MLHB,9100MLHB,Mill Hill,London,51.61309279,-0.249239643
MLBRKB,Millbrook (Beds),MLBRKB,9100MLBRKB,Millbrook,,52.05383667,-0.532703038
MBRK,Millbrook (Hants),MBRK,9100MBRK,Millbrook,Southampton,50.91149603,-1.433842502
MILKNPK,Milliken Park,MILKNPK,9100MILKNPK,Millikenpark,Johnstone,55.82511173,-4.533357955
MLLM,Millom,MLLM,9100MLLM,Millom,,54.21082335,-3.27108402
MLSHILL,Mills Hill (Manchester),MLSHILL,9100MLSHILL,Mills Hill,,53.55131018,-2.171512769
MLGV,Milngavie,MLGV,9100MLGV,Milngavie,,55.94136524,-4.314580384
MKNSCEN,Milton Keynes Central,MKNSCEN,9100MKNSCEN,Milton Keynes,,52.03428827,-0.774146016
MINFORD,Minffordd,MINFORD,9100MINFORD,Minffordd,,52.92613175,-4.084965444
MINFFR,Minffordd Ffestiniog,MINFFR,9100MINFFR,Minffordd,,52.9258753,-4.084209236
MINSTER,Minster,MINSTER,9100MINSTER,Minster,,51.3291743,1.31721674
MIRFILD,Mirfield,MIRFILD,9100MIRFILD,Mirfield,,53.67140103,-1.692545027
MISTLEY,Mistley,MISTLEY,9100MISTLEY,Mistley,Manningtree,51.94363099,1.081400198
ESTFLDS,Mitcham Eastfields,ESTFLDS,9100ESTFLDS,Mitcham,London,51.40773905,-0.154645956
MITCHMJ,Mitcham Junction,MITCHMJ,9100MITCHMJ,Mitcham,London,51.39295013,-0.157756567
MOBERLY,Mobberley,MOBERLY,9100MOBERLY,Mobberley,,53.32913921,-2.333665433
MONIFTH,Monifieth,MONIFTH,9100MONIFTH,Monifieth,,56.48011241,-2.818247472
MNKRISB,Monks Risborough,MNKRISB,9100MNKRISB,Monks Risborough,Princes Risborough,51.73576234,-0.829333644
MONPELR,Montpelier,MONPELR,9100MONPELR,Montpelier,Bristol,51.4683492,-2.588685579
MONTRSE,Montrose,MONTRSE,9100MONTRSE,Montrose,,56.71279832,-2.472074167
MORFNL,Moorfields,MORFNL|MORFLDS,9100MORFNL,Liverpool,,53.40856229,-2.989172742
MRGT,Moorgate,MRGT,9100MRGT,Moorgate,City of London,51.51849144,-0.08894333
MRSD,Moorside,MRSD,9100MRSD,Moorside,Swinton,53.51627408,-2.351799415
MORTHRP,Moorthorpe,MORTHRP,9100MORTHRP,Moorthorpe,South Elmsall,53.59499613,-1.304946994
MORAR,Morar,MORAR,9100MORAR,Morar,,56.9697189,-5.821917698
MOCHARD,Morchard Road,MOCHARD,9100MOCHARD,Morchard Road,,50.83189842,-3.77636581
MORDENS,Morden South,MORDENS,9100MORDENS,Morden,London,51.39611631,-0.199460919
MORCAME,Morecambe,MORCAME,9100MORCAME,Morecambe,,54.07031898,-2.869308038
MORETON,Moreton (Dorset),MORETON,9100MORETON,Moreton,,50.70103073,-2.313449665
MOTO,Moreton (Merseyside),MOTO,9100MOTO,Moreton,,53.40720671,-3.113501971
MINMARS,Moreton-in-Marsh,MINMARS,9100MINMARS,Moreton-in-Marsh,,51.99228061,-1.700380359
MFAM,Morfa Mawddach,MFAM,9100MFAM,Morfa,,52.7071279,-4.032169508
MRLY,Morley,MRLY,9100MRLY,Morley,,53.74992356,-1.590976711
MRPTHRP,Morpeth,MRPTHRP,9100MRPTHRP,Morpeth,,55.16237619,-1.683074488
MTIMER,Mortimer,MTIMER,9100MTIMER,Mortimer,,51.37207867,-1.035509969
MRTLKE,Mortlake,MRTLKE,9100MRTLKE,Mortlake,London,51.46808683,-0.267105573
MOSLEY,Moseley Village,MOSLEY,9100MOSLEY,Balsall Heath,Birmingham,52.446069,-1.8858216
MSGT,Moses Gate,MSGT,9100MSGT,Moses Gate,Farnworth,53.55598207,-2.401188051
MSSD,Moss Side,MSSD,9100MSSD,Moss Side,,53.76497618,-2.942934517
MOSSLEY,Mossley (Manchester),MOSSLEY,9100MOSSLEY,Mossley,,53.51497853,-2.04128191
MSLH,Mossley Hill,MSLH,9100MSLH,Mossley Hill,Liverpool,53.37903763,-2.915443022
MSSPARK,Mosspark,MSSPARK,9100MSSPARK,Mosspark,Glasgow,55.84082941,-4.348292547
MSTN,Moston,MSTN,9100MSTN,Moston,Manchester,53.52342,-2.171022833
MOTHRWL,Motherwell,MOTHRWL,9100MOTHRWL,Motherwell,,55.79167415,-3.994325317
MOTSPRP,Motspur Park,MOTSPRP,9100MOTSPRP,West Barnes,London,51.39519641,-0.239530696
MOTNGHM,Mottingham,MOTNGHM,9100MOTNGHM,Mottingham,London,51.44021819,0.050054032
MOTFONT,Mottisfont & Dunbridge,MOTFONT,9100MOTFONT,Dunbridge,,51.03392603,-1.547084772
MLDSWTH,Mouldsworth,MLDSWTH,9100MLDSWTH,Mouldsworth,,53.23180564,-2.732224435
MLSECMB,Moulsecoomb,MLSECMB,9100MLSECMB,Moulsecoomb,Brighton,50.84672199,-0.118841735
MTFL,Mount Florida,MTFL,9100MTFL,Mount Florida,Glasgow,55.82655503,-4.261131533
MNTVRNN,Mount Vernon,MNTVRNN,9100MNTVRNN,Mount Vernon,Glasgow,55.84020178,-4.133669179
MASH,Mountain Ash,MASH,9100MASH,Mountain Ash,,51.68133055,-3.376341224
MUROORD,Muir of Ord,MUROORD,9100MUROORD,Muir of Ord,,57.51784758,-4.460232967
MUIREND,Muirend,MUIREND,9100MUIREND,Muirend,Glasgow,55.80945879,-4.27439173
MSELBGH,Musselburgh,MSELBGH,9100MSELBGH,Musselburgh,,55.93359087,-3.073200798
MYTHLMR,Mytholmroyd,MYTHLMR,9100MYTHLMR,Mytholmroyd,Hebden Bridge,53.72900286,-1.981425754
NAFERTN,Nafferton,NAFERTN,9100NAFERTN,Nafferton,,54.01122262,-0.386075997
NAILSEA,Nailsea & Backwell,NAILSEA,9100NAILSEA,Nailsea,,51.4194082,-2.75063384
NAIRN,Nairn,NAIRN,9100NAIRN,Nairn,,57.58024559,-3.872000046
NANTWCH,Nantwich,NANTWCH,9100NANTWCH,Nantwich,,53.06357185,-2.518959193
NRBERTH,Narberth,NRBERTH,9100NRBERTH,Narberth,,51.79936862,-4.727175103
NARBRO,Narborough,NARBRO,9100NARBRO,Narborough,,52.57129315,-1.203346051
NAVGTNR,Navigation Road,NAVGTNR,9100NAVGTNR,Navigation Road,Altrincham,53.39537592,-2.343417134
NEATH,Neath,NEATH,9100NEATH,Neath,,51.66236095,-3.807218967
NEEDHAM,Needham Market,NEEDHAM,9100NEEDHAM,Needham Market,,52.15258957,1.055259905
NEILSTN,Neilston,NEILSTN,9100NEILSTN,Neilston,,55.78303771,-4.426952253
NLSN,Nelson,NLSN,9100NLSN,Nelson,,53.83500635,-2.213759297
NESTON,Neston,NESTON,9100NESTON,Neston,,53.29185113,-3.063076124
NTHRFLD,Netherfield,NTHRFLD,9100NTHRFLD,Netherfield,,52.9614108,-1.079849627
NETHRTN,Nethertown,NETHRTN,9100NETHRTN,Nethertown,,54.45641603,-3.565837664
NETLEY,Netley,NETLEY,9100NETLEY,Netley,,50.87490925,-1.341902806
NBARNET,New Barnet,NBARNET,9100NBARNET,New Barnet,London,51.64857458,-0.172997081
NBCKNHM,New Beckenham,NBCKNHM,9100NBCKNHM,New Beckenham,London,51.41676962,-0.035273426
NBTN,New Brighton,NBTN,9100NBTN,New Brighton,Wallasey,53.43740064,-3.047964676
NEWCLEE,New Clee,NEWCLEE,9100NEWCLEE,East Marsh,Grimsby,53.57437902,-0.060812586
NWCROSS,New Cross,NWCROSS,9100NWCROSS,New Cross,London,51.47634362,-0.032426498
NWCRELL,New Cross ELL,NWCRELL,9100NWCRELL,New Cross,London,51.47634386,-0.032440888
NEWXGTE,New Cross Gate,NEWXGTE,9100NEWXGTE,New Cross Gate,London,51.47512824,-0.040398912
NEWXGEL,New Cross Gate ELL,NEWXGEL,9100NEWXGEL,New Cross Gate,London,51.47512848,-0.040413302
NWCMNCK,New Cumnock,NWCMNCK,9100NWCMNCK,New Cumnock,,55.40205142,-4.182612807
NWELTHM,New Eltham,NWELTHM,9100NWELTHM,New Eltham,London,51.43805963,0.070533253
NHOL,New Holland,NHOL,9100NHOL,New Holland,,53.70192125,-0.360213364
NWHYTHE,New Hythe,NWHYTHE,9100NWHYTHE,New Hythe,,51.31300294,0.454929604
NEWLANE,New Lane,NEWLANE,9100NEWLANE,New Lane,,53.61166251,-2.867715985
NEWMLDN,New Malden,NEWMLDN,9100NEWMLDN,New Malden,London,51.40407462,-0.255939552
NWMILSC,New Mills Central,NWMILSC,9100NWMILSC,New Mills,,53.36484176,-2.005671131
NWMILSN,New Mills Newtown,NWMILSN,9100NWMILSN,New Mills,,53.35962819,-2.008525258
NMILTON,New Milton,NMILTON,9100NMILTON,New Milton,,50.75575287,-1.657812648
NPUD,New Pudsey,NPUD,9100NPUD,Pudsey,,53.80448387,-1.680792301
NEWSGAT,New Southgate,NEWSGAT,9100NEWSGAT,New Southgate,London,51.61411356,-0.143037831
NWRKCAS,Newark Castle,NWRKCAS,9100NWRKCAS,Newark,,53.08000355,-0.813160157
NEWANG,Newark North Gate,NEWANG,9100NEWANG,Newark,,53.08175795,-0.799854513
NBRWGE,Newbridge,NBRWGE,9100NBRWGE,Newbridge,,51.66581545,-3.142885147
NEWBURY,Newbury,NEWBURY,9100NEWBURY,Newbury,,51.39764943,-1.322861089
ILFENBP,Newbury Park,ILFENBP,9100ILFENBP,Newbury Park,London,51.57503973,0.089683981
NEWBRYR,Newbury Racecourse,NEWBRYR,9100NEWBRYR,Newbury,,51.39846065,-1.307799055
NWCSTLE,Newcastle,NWCSTLE,9100NWCSTLE,Newcastle upon Tyne,,54.96840177,-1.617279809
AIRP,Newcastle Airport,AIRP,9100AIRP,Airport,Newcastle upon Tyne,55.03594907,-1.71104651
NWCOURT,Newcourt,NWCOURT,9100NWCOURT,Countess Wear,Exeter,50.70504186,-3.472784196
NCRAGHA,Newcraighall,NCRAGHA,9100NCRAGHA,Newcraighall,Edinburgh,55.9331214,-3.090843391
NEWHVNH,Newhaven Harbour,NEWHVNH,9100NEWHVNH,Newhaven,,50.7897917,0.054993054
NEWHVNT,Newhaven Town,NEWHVNT,9100NEWHVNT,Newhaven,,50.794856,0.05494557
NEWNGTN,Newington,NEWNGTN,9100NEWNGTN,Newington,,51.35334168,0.668570615
NWMKET,Newmarket,NWMKET,9100NWMKET,Newmarket,,52.23794417,0.406208351
NEWPRTE,Newport (Essex),NEWPRTE,9100NEWPRTE,Newport,,51.97986957,0.215140569
NWPTRTG,Newport (S Wales),NWPTRTG,9100NWPTRTG,Newport,,51.58878899,-3.000543471
NEWQUAY,Newquay,NEWQUAY,9100NEWQUAY,Newquay,,50.41509521,-5.075654263
NSHM,Newsham,NSHM,9100NSHM,Newsham,Blyth,55.10284,-1.5239
NWSTEAD,Newstead,NWSTEAD,9100NWSTEAD,Newstead,,53.06998228,-1.221787632
NWTL,Newton (S Lanarks),NWTL,9100NWTL,Newton,,55.81877791,-4.13305476
NABT,Newton Abbot,NABT,9100NABT,Newton Abbot,,50.52958554,-3.599166804
NWTA,Newton Aycliffe,NWTA,9100NWTA,Newton Aycliffe,,54.61370279,-1.589645173
NSTCYRE,Newton St Cyres,NSTCYRE,9100NSTCYRE,Newton St Cyres,,50.77892793,-3.589388982
NWTH,Newton for Hyde,NWTH,9100NWTH,Hyde,,53.45638017,-2.067142382
NWTNLW,Newton-le-Willows,NWTNLW,9100NWTNLW,Newton le Willows,,53.45306052,-2.613598084
NWTOA,Newton-on-Ayr,NWTOA,9100NWTOA,Newton-On-Ayr,Ayr,55.47405332,-4.625826294
NWTGRNG,Newtongrange,NWTGRNG,9100NWTGRNG,Newtongrange,,55.86699746,-3.069365797
NWTM,Newtonmore,NWTM,9100NWTM,Newtonmore,,57.0591456,-4.119108839
NWTP,Newtown (Powys),NWTP,9100NWTP,Newtown,,52.51231385,-3.311391734
NINIANP,Ninian Park,NINIANP,9100NINIANP,Canton,Cardiff,51.47661627,-3.201693777
NITSH,Nitshill,NITSH,9100NITSH,Nitshill,Glasgow,55.81193518,-4.359958674
NRBITON,Norbiton,NRBITON,9100NRBITON,Norbiton,London,51.41235766,-0.284024953
NORBURY,Norbury,NORBURY,9100NORBURY,Norbury,London,51.4114458,-0.121926043
NRMNSBY,Normans Bay,NRMNSBY,9100NRMNSBY,Normans Bay,,50.82610388,0.389461669
NORMNTN,Normanton,NORMNTN,9100NORMNTN,Normanton,,53.70051892,-1.42340131
NBERWCK,North Berwick,NBERWCK,9100NBERWCK,North Berwick,,56.05703617,-2.730741611
NTHCAMP,North Camp,NTHCAMP,9100NTHCAMP,Ash Vale,,51.27579486,-0.731198647
NDULWCH,North Dulwich,NDULWCH,9100NDULWCH,Dulwich Village,Dulwich,51.45451033,-0.087917473
FAMBDGE,North Fambridge,FAMBDGE,9100FAMBDGE,Fambridge,,51.64858374,0.681658911
NLANRST,North Llanrwst,NLANRST,9100NLANRST,Llanrwst,,53.1438219,-3.80272737
NQNSFRY,North Queensferry,NQNSFRY,9100NQNSFRY,North Queensferry,,56.01250064,-3.394584584
NTRD,North Road,NTRD,9100NTRD,Darlington,,54.53619962,-1.553949663
NSHEEN,North Sheen,NSHEEN,9100NSHEEN,North Sheen,London,51.46515469,-0.287875813
NWALSHM,North Walsham,NWALSHM,9100NWALSHM,North Walsham,,52.81688598,1.384454474
NWEMBLY,North Wembley,NWEMBLY,9100NWEMBLY,North Wembley,London,51.56259584,-0.303984043
NLRTN,Northallerton,NLRTN,9100NLRTN,Northallerton,,54.33307201,-1.441272987
NMPTN,Northampton,NMPTN,9100NMPTN,Northampton,,52.23750044,-0.906653022
NRTF,Northfield,NRTF,9100NRTF,Northfield,Birmingham,52.40819178,-1.965851434
NRTHFLT,Northfleet,NRTHFLT,9100NRTHFLT,Northfleet,Gravesend,51.44584634,0.324333569
NTHOLTP,Northolt Park,NTHOLTP,9100NTHOLTP,Northolt,London,51.55753968,-0.359465865
NMBRLPK,Northumberland Park,NMBRLPK,9100NMBRLPK,Northumberland Park,London,51.60196907,-0.053931843
NBRLPK,Northumberland Park (Tyne & Wear),NBRLPK,9100NBRLPK,Northumberland Park,,55.033251,-1.520037
NTHWICH,Northwich,NTHWICH,9100NTHWICH,Northwich,,53.26145121,-2.496916968
NTNB,Norton Bridge,NTNB,9100NTNB,Norton Bridge,,52.8666987,-2.190543741
NRCH,Norwich,NRCH,9100NRCH,Norwich,,52.62715355,1.306820205
NORWDJ,Norwood Junction,NORWDJ,9100NORWDJ,South Norwood,London,51.39701905,-0.0752215
NTNG,Nottingham,NTNG,9100NTNG,Nottingham,,52.94707439,-1.146381726
NNTN,Nuneaton,NNTN,9100NNTN,Nuneaton,,52.52637057,-1.463875177
NUNHEAD,Nunhead,NUNHEAD,9100NUNHEAD,Nunhead,London,51.46682802,-0.052272611
NUNTHRP,Nunthorpe,NUNTHRP,9100NUNTHRP,Nunthorpe,,54.52788055,-1.169448798
NUTBORN,Nutbourne,NUTBORN,9100NUTBORN,Nutbourne,,50.84606954,-0.88294549
NUTFILD,Nutfield,NUTFILD,9100NUTFILD,Nutfield,,51.22681357,-0.132531244
OAKNGTS,Oakengates,OAKNGTS,9100OAKNGTS,Oakengates,Telford,52.69339786,-2.450194318
OAKHAM,Oakham,OAKHAM,9100OAKHAM,Oakham,,52.67221482,-0.734171126
OKLGHPK,Oakleigh Park,OKLGHPK,9100OKLGHPK,Oakleigh Park,London,51.63767802,-0.166209329
OBAN,Oban,OBAN,9100OBAN,Oban,,56.41248651,-5.473931552
OCKENDN,Ockendon,OCKENDN,9100OCKENDN,South Ockendon,,51.52199211,0.290469174
OCKLYAC,Ockley,OCKLYAC,9100OCKLYAC,Ockley,,51.15151196,-0.336013632
OKHMPTN,Okehampton,OKHMPTN,9100OKHMPTN,Okehampton,,50.73238045,-3.996214894
OKHMPIC,Okehampton Interchange,OKHMPIC,9100OKHMPIC,Okehampton,,50.743464,-3.975926
OLHL,Old Hill,OLHL,9100OLHL,Old Hill,,52.4709335,-2.056190659
OLDROAN,Old Roan,OLDROAN,9100OLDROAN,Old Roan,Aintree,53.48689507,-2.951071509
OLDST,Old Street,OLDST,9100OLDST,Old Street,London,51.52583171,-0.088535088
OLDFLDP,Oldfield Park,OLDFLDP,9100OLDFLDP,Oldfield Park,Bath,51.37923076,-2.38050794
OLTON,Olton,OLTON,9100OLTON,Olton,,52.43851142,-1.80430937
OREE,Ore,OREE,9100OREE,Ore,Hastings,50.86694855,0.591567987
ORMSKRK,Ormskirk,ORMSKRK,9100ORMSKRK,Ormskirk,,53.56927274,-2.881192954
ORPNGTN,Orpington,ORPNGTN,9100ORPNGTN,Orpington,London,51.37329598,0.089090547
ORRELL,Orrell,ORRELL,9100ORRELL,Orrell,,53.53031174,-2.708837303
ORELPKH,Orrell Park,ORELPKH,9100ORELPKH,Orrell Park,Walton,53.46189797,-2.963315468
OTFORD,Otford,OTFORD,9100OTFORD,Otford,,51.31315822,0.196778808
OULTNBN,Oulton Broad North,OULTNBN,9100OULTNBN,Oulton Broad,Lowestoft,52.47776059,1.715710865
OULTNBS,Oulton Broad South,OULTNBS,9100OULTNBS,Oulton Broad,Lowestoft,52.46960338,1.707658674
OUTWOOD,Outwood,OUTWOOD,9100OUTWOOD,Outwood,Wakefield,53.71528697,-1.510400248
OPOL,Overpool,OPOL,9100OPOL,Overpool,Ellesmere Port,53.28404743,-2.924060604
OVTN,Overton,OVTN,9100OVTN,Overton,,51.25429375,-1.25926757
OXENHLM,Oxenholme Lake District,OXENHLM,9100OXENHLM,Oxenholme,,54.30492682,-2.721870112
OXFD,Oxford,OXFD,9100OXFD,Oxford,,51.75349596,-1.270153398
OXFPWAY,Oxford Parkway,OXFPWAY,9100OXFPWAY,Oxford Parkway,Water Eaton,51.8040713,-1.274485861
OXSHOTT,Oxshott,OXSHOTT,9100OXSHOTT,Oxshott,,51.33639582,-0.362419243
OXTEDBY,Oxted,OXTEDBY|OXTED,9100OXTEDBY,Oxted,,51.25790799,-0.004819175
PKWD,Paddock Wood,PKWD,9100PKWD,Paddock Wood,,51.1822668,0.389148702
PADGATE,Padgate,PADGATE,9100PADGATE,Padgate,Warrington,53.40578891,-2.556810651
PAIGNTN,Paignton,PAIGNTN,9100PAIGNTN,Paignton,Torbay,50.43471866,-3.564875717
PSLYCAN,Paisley Canal,PSLYCAN,9100PSLYCAN,Paisley,,55.84007706,-4.424117384
PSLYGST,Paisley Gilmour Street,PSLYGST,9100PSLYGST,Paisley,,55.84734957,-4.424506379
PSLYSTJ,Paisley St James,PSLYSTJ,9100PSLYSTJ,Paisley,,55.85211776,-4.442442944
PALMRSG,Palmers Green,PALMRSG,9100PALMRSG,Palmers Green,London,51.61831431,-0.110436561
PANGBRN,Pangbourne,PANGBRN,9100PANGBRN,Pangbourne,,51.48540142,-1.090470321
PANNAL,Pannal,PANNAL,9100PANNAL,Pannal,,53.95832421,-1.533466957
PNTYFYN,Pantyffynnon,PNTYFYN,9100PNTYFYN,Pantyffynnon,Ammanford,51.77887756,-3.997429438
PARR,Par,PARR,9100PARR,Par,St Blazey,50.35532659,-4.704675348
PARBOLD,Parbold,PARBOLD,9100PARBOLD,Parbold,,53.59075411,-2.77074825
PKST,Park Street,PKST,9100PKST,Park Street,,51.72545823,-0.340276491
PSTONE,Parkstone (Dorset),PSTONE,9100PSTONE,Parkstone,Poole,50.7229788,-1.94795648
PARSNST,Parson Street,PARSNST,9100PARSNST,Bedminster,Bristol,51.43331938,-2.607741567
PTCK,Partick,PTCK,9100PTCK,Partick,Glasgow,55.86988799,-4.308806304
PARTON,Parton,PARTON,9100PARTON,Parton,,54.57036868,-3.580800256
PATCHWY,Patchway,PATCHWY,9100PATCHWY,Patchway,,51.52593299,-2.562689289
PTRCRFT,Patricroft,PTRCRFT,9100PTRCRFT,Patricroft,Eccles,53.48477735,-2.35824464
PATERTN,Patterton,PATERTN,9100PATERTN,Newton Mearns,,55.79061094,-4.33529839
PEARTRE,Peartree,PEARTRE,9100PEARTRE,Pear Tree,Derby,52.89699505,-1.473213863
PKHMRYC,Peckham Rye,PKHMRYC|PCKHMRY,9100PKHMRYC,Peckham,London,51.47003391,-0.069399943
PEGSWD,Pegswood,PEGSWD,9100PEGSWD,Pegswood,,55.17812916,-1.644165778
PBRT,Pemberton,PBRT,9100PBRT,Pemberton,Wigan,53.53040792,-2.670353927
PMBRYBP,Pembrey & Burry Port,PMBRYBP,9100PMBRYBP,Pembrey,,51.68352754,-4.247841134
PEMBROK,Pembroke,PEMBROK,9100PEMBROK,Pembroke,,51.67294523,-4.906023034
PEMBRKD,Pembroke Dock,PEMBRKD,9100PEMBRKD,Pembroke,,51.69391312,-4.938047556
PYBONT,Pen-y-Bont,PYBONT,9100PYBONT,Penybont,,52.27394302,-3.321931045
PNALLY,Penally,PNALLY,9100PNALLY,Penally,,51.65891944,-4.722055057
PENARTH,Penarth,PENARTH,9100PENARTH,Penarth,,51.43588915,-3.174440751
PENCOED,Pencoed,PENCOED,9100PENCOED,Pencoed,,51.52460791,-3.500479011
PENGAM,Pengam,PENGAM,9100PENGAM,Pengam,,51.67045505,-3.230099782
PNGEE,Penge East,PNGEE,9100PNGEE,Penge & Sydenham,London,51.41933392,-0.054220454
PENEW,Penge West,PENEW,9100PENEW,Penge & Sydenham,London,51.41755516,-0.060839827
PENHELG,Penhelig,PENHELG,9100PENHELG,Penhelyg,Aberdovey,52.54568645,-4.035025213
PENISTN,Penistone,PENISTN,9100PENISTN,Penistone,,53.52554615,-1.622780703
PNKRDG,Penkridge,PNKRDG,9100PNKRDG,Penkridge,,52.72349947,-2.119293592
PNMNMWR,Penmaenmawr,PNMNMWR,9100PNMNMWR,Penmaenmawr,,53.27046543,-3.923510838
PENMERE,Penmere,PENMERE,9100PENMERE,Penmere,Falmouth,50.15033093,-5.083192603
PNRHCBR,Penrhiwceiber,PNRHCBR,9100PNRHCBR,Penrhiwceiber,,51.6699222,-3.359943691
PRHN,Penrhyndeudraeth,PRHN,9100PRHN,Penrhyndeudraeth,,52.92882581,-4.064562497
PNTH,Penrith North Lakes,PNTH,9100PNTH,Penrith,,54.66180521,-2.758880689
PRYN,Penryn,PRYN,9100PRYN,Penryn,,50.17071277,-5.11160741
PSRN,Pensarn (Gwynedd),PSRN,9100PSRN,Pen-Sarn,,52.83070621,-4.112159716
PNSHRST,Penshurst,PNSHRST,9100PNSHRST,Penshurst,,51.19733761,0.173472269
PNTRBCH,Pentre-Bach,PNTRBCH,9100PNTRBCH,Pentrebach,,51.72501405,-3.362320565
PENYCHN,Penychain,PENYCHN,9100PENYCHN,Pwllheli,,52.90288333,-4.338721524
PNYF,Penyffordd,PNYF,9100PNYF,Penyffordd,,53.14308906,-3.054838226
PENZNCE,Penzance,PENZNCE,9100PENZNCE,Penzance,,50.12167398,-5.532565276
PERANWL,Perranwell,PERANWL,9100PERANWL,Perranwell Station,,50.21657936,-5.112069228
PRYBR,Perry Barr,PRYBR,9100PRYBR,Perry Barr,Birmingham,52.51648556,-1.901960035
PERSHOR,Pershore,PERSHOR,9100PERSHOR,Pershore,,52.13055493,-2.071536784
PERTH,Perth,PERTH,9100PERTH,Perth,,56.39209411,-3.439697903
PBRO,Peterborough,PBRO,9100PBRO,Peterborough,,52.57497532,-0.249836897
PTRSFLD,Petersfield,PTRSFLD,9100PTRSFLD,Petersfield,,51.00672632,-0.94113669
PETSWD,Petts Wood,PETSWD,9100PETSWD,Petts Wood,London,51.38861879,0.07448093
PVNSYAW,Pevensey & Westham,PVNSYAW,9100PVNSYAW,Westham,Pevensey,50.81579922,0.3248075
PVNSYBY,Pevensey Bay,PVNSYBY,9100PVNSYBY,Pevensey Bay,Pevensey,50.8174607,0.342906663
PEWSEY,Pewsey,PEWSEY,9100PEWSEY,Pewsey,,51.3421931,-1.7706752
PILNING,Pilning,PILNING,9100PILNING,Pilning,,51.55662692,-2.627111642
HAZEWLL,Pineapple Road,HAZEWLL,9100HAZEWLL,Stirchley,Birmingham,52.430029,-1.9084071
PINHOE,Pinhoe,PINHOE,9100PINHOE,Pinhoe,Exeter,50.73778489,-3.469332931
PTLCHRY,Pitlochry,PTLCHRY,9100PTLCHRY,Pitlochry,,56.70250106,-3.735570259
PITSEA,Pitsea,PITSEA,9100PITSEA,Pitsea,Basildon,51.56035922,0.506293139
PLSNGTN,Pleasington,PLSNGTN,9100PLSNGTN,Pleasington,,53.7309586,-2.544123579
PLOCKTN,Plockton,PLOCKTN,9100PLOCKTN,Plockton,,57.33356475,-5.665998861
PLUCKLY,Pluckley,PLUCKLY,9100PLUCKLY,Pluckley,,51.15647302,0.747395977
PLUMLEY,Plumley,PLUMLEY,9100PLUMLEY,Plumley,,53.27467424,-2.419661735
PLMPTON,Plumpton,PLMPTON,9100PLMPTON,Plumpton Green,Plumpton,50.9286632,-0.060181031
PLMS,Plumstead,PLMS,9100PLMS,Plumstead,London,51.48979504,0.084256524
PLYMTH,Plymouth,PLYMTH,9100PLYMTH,Plymouth,,50.37782733,-4.143320463
POKSDWN,Pokesdown,POKSDWN,9100POKSDWN,Pokesdown,Bournemouth,50.73108782,-1.825102049
POLGATE,Polegate,POLGATE,9100POLGATE,Polegate,,50.82124535,0.245140132
PWTH,Polesworth,PWTH,9100PWTH,Polesworth,,52.62583218,-1.610540091
PLKSHWE,Pollokshaws East,PLKSHWE,9100PLKSHWE,Pollokshaws,Glasgow,55.8246407,-4.286885146
PLKSHWW,Pollokshaws West,PLKSHWW,9100PLKSHWW,Pollokshaws,Glasgow,55.82382675,-4.301605572
PLKLHDE,Pollokshields East,PLKLHDE,9100PLKLHDE,Pollokshields,Glasgow,55.84106706,-4.268602836
PLKLHDW,Pollokshields West,PLKLHDW,9100PLKLHDW,Pollokshields,Glasgow,55.83769943,-4.275753405
POLMONT,Polmont,POLMONT,9100POLMONT,Polmont,,55.98473704,-3.714972931
POLSBDG,Polsloe Bridge,POLSBDG,9100POLSBDG,Polsloe Bridge,Exeter,50.73128079,-3.501947157
PNDRSEN,Ponders End,PNDRSEN,9100PNDRSEN,Ponders End,London,51.64225604,-0.035080385
PNYPANT,Pont-y-Pant,PNYPANT,9100PNYPANT,Pont-y-Pant,,53.06513187,-3.862720587
PNTADLS,Pontarddulais,PNTADLS,9100PNTADLS,Glanffrwd,,51.71762083,-4.045543356
PTFTBHL,Pontefract Baghill,PTFTBHL,9100PTFTBHL,Pontefract,,53.69188165,-1.303352778
PTFTMHL,Pontefract Monkhill,PTFTMHL,9100PTFTMHL,Pontefract,,53.69898437,-1.303689932
PTFTTSF,Pontefract Tanshelf,PTFTTSF,9100PTFTTSF,Pontefract,,53.6941283,-1.318914751
PNTLTYN,Pontlottyn,PNTLTYN,9100PNTLTYN,Pontlottyn,,51.74663194,-3.278955859
PONYCLN,Pontyclun,PONYCLN,9100PONYCLN,Pontyclun,,51.52376767,-3.392917819
PONTYPL,Pontypool & New Inn,PONTYPL,9100PONTYPL,Pontypool,,51.69796391,-3.014236301
PTYPRID,Pontypridd,PTYPRID,9100PTYPRID,Pontypridd,,51.59937017,-3.34137471
POOLE,Poole,POOLE,9100POOLE,Poole,,50.71942804,-1.983317503
POPLTON,Poppleton,POPLTON,9100POPLTON,Poppleton,York,53.97589785,-1.148596604
PTGLSGW,Port Glasgow,PTGLSGW,9100PTGLSGW,Port Glasgow,,55.93351496,-4.689825708
PSLT,Port Sunlight,PSLT,9100PSLT,Port Sunlight,,53.3492512,-2.998029129
PTALBOT,Port Talbot Parkway,PTALBOT,9100PTALBOT,Port Talbot,,51.591718,-3.781314271
PCHESTR,Portchester,PCHESTR,9100PCHESTR,Portchester,,50.84874978,-1.124239868
PORH,Porth,PORH,9100PORH,Porth,,51.61253691,-3.407188322
PRTHMDG,Porthmadog,PRTHMDG,9100PRTHMDG,Porthmadog,,52.93091708,-4.134446338
PRTHHBR,Porthmadog Harbour Ffestiniog,PRTHHBR,9100PRTHHBR,Porthmadog,,52.92404098,-4.12681818
PLTH,Portlethen,PLTH,9100PLTH,Portlethen,,57.0613759,-2.126611298
PSLDAWH,Portslade,PSLDAWH,9100PSLDAWH,Portslade,Hove,50.83568251,-0.20533642
PSEA,Portsmouth & Southsea,PSEA,9100PSEA,Portsmouth,,50.79849536,-1.090911009
PRTSMTA,Portsmouth Arms,PRTSMTA,9100PRTSMTA,Kingford,,50.95700208,-3.950579468
PHBR,Portsmouth Harbour,PHBR,9100PHBR,Portsmouth,,50.79696236,-1.107840179
PTWYPR,Portway Park & Ride,PTWYPR,9100PTWYPR,Shirehampton,Bristol,51.4881079,-2.6875586
POSILPK,Possilpark & Parkhouse,POSILPK,9100POSILPK,Possil,Glasgow,55.89014456,-4.258512668
POTRSBR,Potters Bar,POTRSBR,9100POTRSBR,Potters Bar,,51.69706737,-0.192605459
PLTNLFY,Poulton-le-Fylde,PLTNLFY,9100PLTNLFY,Poulton-le-Fylde,,53.84842579,-2.990624422
POYNTON,Poynton,POYNTON,9100POYNTON,Poynton,,53.35038414,-2.134410122
PREES,Prees,PREES,9100PREES,Prees,,52.89930473,-2.689662716
PRESCOT,Prescot,PRESCOT,9100PRESCOT,Prescot,,53.42355847,-2.799171215
PSTA,Prestatyn,PSTA,9100PSTA,Prestatyn,,53.33649761,-3.407131738
PSBY,Prestbury,PSBY,9100PSBY,Prestbury,,53.29338288,-2.145482499
PRST,Preston,PRST,9100PRST,Preston,,53.75685937,-2.708127869
PRSP,Preston Park,PRSP,9100PRSP,Brighton,,50.84594397,-0.155167569
PPAN,Prestonpans,PPAN,9100PPAN,Prestonpans,,55.9530985,-2.974767851
PWCK,Prestwick,PWCK,9100PWCK,Prestwick,,55.50169765,-4.615156306
PWCKAPT,Prestwick Intl Airport,PWCKAPT,9100PWCKAPT,Prestwick,,55.50903557,-4.614170057
PHLD,Priesthill & Darnley,PHLD,9100PHLD,Darnley,Glasgow,55.81217172,-4.342894635
PRINRIS,Princes Risborough,PRINRIS,9100PRINRIS,Princes Risborough,,51.71786031,-0.843881023
PRITLWL,Prittlewell,PRITLWL,9100PRITLWL,Prittlewell,Southend-on-Sea,51.55068732,0.71067614
PRUDHOE,Prudhoe,PRUDHOE,9100PRUDHOE,Prudhoe,,54.96582807,-1.864865548
PULBRO,Pulborough,PULBRO,9100PULBRO,Pulborough,,50.95735889,-0.516557728
PURFLET,Purfleet,PURFLET,9100PURFLET,Purfleet,,51.48101338,0.236767019
PURLEY,Purley,PURLEY,9100PURLEY,Purley,London,51.33757871,-0.114035374
PURLEYO,Purley Oaks,PURLEYO,9100PURLEYO,Purley,London,51.34704551,-0.098856071
PUTNEY,Putney,PUTNEY,9100PUTNEY,Putney,London,51.46130263,-0.216474536
PWLHELI,Pwllheli,PWLHELI,9100PWLHELI,Pwllheli,,52.88783441,-4.416697513
PYECRNR,Pye Corner,PYECRNR,9100PYECRNR,Pye Corner,Newport,51.58147562,-3.041212119
PYLE,Pyle,PYLE,9100PYLE,Pyle,,51.52573531,-3.698052219
QUAKRSY,Quakers Yard,QUAKRSY,9100QUAKRSY,Quakers Yard,,51.66072532,-3.322800436
QUENBRO,Queenborough,QUENBRO,9100QUENBRO,Queenborough,,51.41563695,0.749666201
QUNPARK,Queens Park (Glasgow),QUNPARK,9100QUNPARK,Queens Park,Glasgow,55.83530429,-4.266749958
QPRK,Queens Park (London),QPRK,9100QPRK,Queens Park,London,51.53396617,-0.204984777
PCKHMQD,Queens Road Peckham,PCKHMQD,9100PCKHMQD,Peckham,London,51.47356622,-0.057313491
QTRDBAT,Queenstown Road (Battersea),QTRDBAT,9100QTRDBAT,Battersea,London,51.47496788,-0.146678139
QNTRLDW,Quintrell Downs,QNTRLDW,9100QNTRLDW,Quintrell Downs,,50.40405476,-5.028491344
RADNOT,Radcliffe (Notts),RADNOT,9100RADNOT,Radcliffe on Trent,,52.94878536,-1.03732794
RADLETT,Radlett,RADLETT,9100RADLETT,Radlett,,51.68518798,-0.317243701
RDLEY,Radley,RDLEY,9100RDLEY,Radley,,51.68620592,-1.240482008
RADYR,Radyr,RADYR,9100RADYR,Radyr,Cardiff,51.51632272,-3.248352818
RNFD,Rainford,RNFD,9100RNFD,Rainford,,53.51710548,-2.789469054
RAINHMK,Rainham (Kent),RAINHMK,9100RAINHMK,Rainham,,51.36630594,0.611337195
RNHAME,Rainham (London),RNHAME,9100RNHAME,Rainham,London,51.51672312,0.190633517
RHIL,Rainhill,RHIL,9100RHIL,Rainhill,,53.41712164,-2.766400236
RAMSGTE,Ramsgate,RAMSGTE,9100RAMSGTE,Ramsgate,,51.34080452,1.406467155
RMSWILP,Ramsgreave & Wilpshire,RMSWILP,9100RMSWILP,Wilpshire,,53.77977599,-2.478135244
RANNOCH,Rannoch,RANNOCH,9100RANNOCH,Rannoch,,56.68604586,-4.576869611
RAUCEBY,Rauceby,RAUCEBY,9100RAUCEBY,South Rauceby,,52.98520454,-0.456606127
RGLS,Ravenglass,RGLS,9100RGLS,Ravenglass,,54.35570723,-3.408813683
RBRN,Ravensbourne,RBRN,9100RBRN,Bromley Park,Bromley,51.41418836,-0.007556743
RTHP,Ravensthorpe,RTHP,9100RTHP,Ravensthorpe,Dewsbury,53.67552496,-1.655578833
RAWCLIF,Rawcliffe,RAWCLIF,9100RAWCLIF,Rawcliffe,,53.68904132,-0.960863125
RAYLEGH,Rayleigh,RAYLEGH,9100RAYLEGH,Rayleigh,,51.58929327,0.59998348
RAYNSPK,Raynes Park,RAYNSPK,9100RAYNSPK,Raynes Park,London,51.40917344,-0.230150775
RDNG4AB,Reading,RDNG4AB|RDNGSTN,9100RDNG4AB,Reading,,51.45878614,-0.971863182
REDGGPK,Reading Green Park,REDGGPK,9100REDGGPK,GreenPark,Reading,51.426667,-1.001389
REDGWST,Reading West,REDGWST,9100REDGWST,Reading,,51.45550098,-0.99012928
RCTRYRD,Rectory Road,RCTRYRD,9100RCTRYRD,Stoke Newington,London,51.55850233,-0.068266877
REDBDGE,Redbridge (Hants),REDBDGE,9100REDBDGE,Redbridge,Southampton,50.91993944,-1.470159761
REDCARC,Redcar Central,REDCARC,9100REDCARC,Redcar,,54.61622659,-1.070867562
REDCARE,Redcar East,REDCARE,9100REDCARE,Redcar,,54.60925244,-1.052292173
REDISHN,Reddish North,REDISHN,9100REDISHN,North Reddish,Reddish,53.44941149,-2.156254966
REDISHS,Reddish South,REDISHS,9100REDISHS,South Reddish,Reddish,53.43592542,-2.158764326
RDIT,Redditch,RDIT,9100RDIT,Redditch,,52.3062809,-1.945542989
REDHILL,Redhill,REDHILL,9100REDHILL,Redhill,,51.24020113,-0.165899878
REDLAND,Redland,REDLAND,9100REDLAND,Redland,Bristol,51.46838623,-2.599123423
REDRUTH,Redruth,REDRUTH,9100REDRUTH,Redruth,,50.23325332,-5.225915324
RDHAMN,Reedham (Norfolk),RDHAMN,9100RDHAMN,Reedham,,52.56450373,1.559651401
REEDHMS,Reedham (Surrey),REEDHMS,9100REEDHMS,Purley,London,51.33111969,-0.123415753
REIGATE,Reigate,REIGATE,9100REIGATE,Reigate,,51.24195839,-0.203825059
RENTON,Renton,RENTON,9100RENTON,Renton,,55.97043118,-4.586125708
RESTSTN,Reston,RESTSTN,9100RESTSTN,Reston,,55.84985,-2.19266
RTFD,Retford,RTFD,9100RTFD,Retford,,53.31515395,-0.947883979
RTFDLL,Retford Low Level,RTFDLL,9100RTFDLL,Retford,,53.31406577,-0.94477359
RHIWBNA,Rhiwbina,RHIWBNA,9100RHIWBNA,Rhiwbina,Cardiff,51.52117967,-3.21396512
RHOOSE,Rhoose,RHOOSE,9100RHOOSE,Rhoose,,51.38706639,-3.34938388
RHOSNGR,Rhosneigr,RHOSNGR,9100RHOSNGR,Rhosneigr,,53.23483766,-4.50664188
RHYL,Rhyl,RHYL,9100RHYL,Rhyl,,53.31842234,-3.489105263
RHYMNEY,Rhymney,RHYMNEY,9100RHYMNEY,Rhymney,,51.7588374,-3.289298339
RIBLHED,Ribblehead,RIBLHED,9100RIBLHED,Chapel-le-Dale,,54.20584477,-2.360855787
RICELA,Rice Lane,RICELA,9100RICELA,Orrell Park,Walton,53.45777114,-2.962318385
RICHMND,Richmond (London),RICHMND,9100RICHMND,Richmond,London,51.46306062,-0.301558348
RICHNLL,Richmond NLL,RICHNLL,9100RICHNLL,Richmond,London,51.46314841,-0.301411129
RCKMNSW,Rickmansworth,RCKMNSW,9100RCKMNSW,Rickmansworth,,51.64024677,-0.473282447
RDLSDWN,Riddlesdown,RDLSDWN,9100RDLSDWN,Purley,London,51.33248579,-0.099386625
RIDGMNT,Ridgmont,RIDGMNT,9100RIDGMNT,Ridgmont,,52.02640285,-0.59455695
RIDNGML,Riding Mill,RIDNGML,9100RIDNGML,Riding Mill,,54.94873592,-1.971554986
RISCA,Risca & Pontymister,RISCA,9100RISCA,Pontymister,,51.60584705,-3.092209292
RISHTON,Rishton,RISHTON,9100RISHTON,Rishton,,53.76381477,-2.42015767
RBRTSBD,Robertsbridge,RBRTSBD,9100RBRTSBD,Robertsbridge,,50.98493335,0.468782552
RBRYSTN,Robroyston,RBRYSTN,9100RBRYSTN,Robroyston,Glasgow,55.8877946,-4.171365946
ROBY,Roby,ROBY,9100ROBY,Roby,Huyton,53.41004137,-2.855933538
RCHDALE,Rochdale,RCHDALE,9100RCHDALE,Rochdale,,53.61030684,-2.153524147
RCHE,Roche,RCHE,9100RCHE,Roche,,50.41854214,-4.830197614
RCHT,Rochester,RCHT,9100RCHT,Rochester,,51.389652,0.506854934
ROCHFD,Rochford,ROCHFD,9100ROCHFD,Rochford,,51.5817287,0.702303353
ROCKFRY,Rock Ferry,ROCKFRY,9100ROCKFRY,Rock Ferry,Birkenhead,53.37264974,-3.010826271
ROGART,Rogart,ROGART,9100ROGART,Rogart,,57.98871247,-4.158184947
ROGRSTN,Rogerstone,ROGRSTN,9100ROGRSTN,Rogerstone,,51.59561618,-3.066612489
ROLSTN,Rolleston,ROLSTN,9100ROLSTN,Rolleston,,53.0652829,-0.8996747
ROMANBG,Roman Bridge,ROMANBG,9100ROMANBG,Dolwyddelan,,53.04441534,-3.921647949
ROMFORD,Romford,ROMFORD,9100ROMFORD,Romford,London,51.57482906,0.183237439
ROMILEY,Romiley,ROMILEY,9100ROMILEY,Romiley,,53.41401175,-2.089326483
ROMSEY,Romsey,ROMSEY,9100ROMSEY,Romsey,,50.99252897,-1.493143482
ROOSE,Roose,ROOSE,9100ROOSE,Roose,,54.11516501,-3.194568688
ROSG,Rose Grove,ROSG,9100ROSG,Rose Grove,Burnley,53.78619349,-2.282796369
ROHL,Rose Hill Marple,ROHL,9100ROHL,Rose Hill,Marple,53.39622334,-2.076521498
ROSYTH,Rosyth,ROSYTH,9100ROSYTH,Rosyth,,56.04551701,-3.42730609
ROTHCEN,Rotherham Central,ROTHCEN,9100ROTHCEN,Rotherham,,53.43225319,-1.360434531
RTHERHI,Rotherhithe,RTHERHI,9100RTHERHI,Rotherhithe,London,51.50081651,-0.052048496
RGHTNRD,Roughton Road,RGHTNRD,9100RGHTNRD,Cromer,,52.91801973,1.299794225
RWLNDSC,Rowlands Castle,RWLNDSC,9100RWLNDSC,Rowlands Castle,,50.89217231,-0.957470663
ROWLEYR,Rowley Regis,ROWLEYR,9100ROWLEYR,Rowley Regis,Oldbury,52.47732575,-2.030874924
ROYBDGE,Roy Bridge,ROYBDGE,9100ROYBDGE,Roybridge,,56.88836407,-4.837242094
ROYDON,Roydon,ROYDON,9100ROYDON,Roydon,,51.77548674,0.036251791
ROYSTON,Royston,ROYSTON,9100ROYSTON,Royston,,52.05308008,-0.026921396
RUABON,Ruabon,RUABON,9100RUABON,Ruabon,,52.98713482,-3.043138576
RUFDORD,Rufford,RUFDORD,9100RUFDORD,Rufford,,53.6344631,-2.807841213
RUGBY,Rugby,RUGBY,9100RUGBY,Rugby,,52.37909446,-1.250484372
RUGLTWN,Rugeley Town,RUGLTWN,9100RUGLTWN,Rugeley,,52.75437726,-1.936839549
RUGL,Rugeley Trent Valley,RUGL,9100RUGL,Rugeley,,52.76965554,-1.929851368
RUNCORN,Runcorn,RUNCORN,9100RUNCORN,Runcorn,,53.33869473,-2.739251141
RUNCRNE,Runcorn East,RUNCRNE,9100RUNCRNE,Norton,Runcorn,53.32756824,-2.665697432
RSKNGTN,Ruskington,RSKNGTN,9100RSKNGTN,Ruskington,,53.04146291,-0.380762106
RUSWARP,Ruswarp,RUSWARP,9100RUSWARP,Ruswarp,,54.47019073,-0.627771651
RTHGLEN,Rutherglen,RTHGLEN,9100RTHGLEN,Rutherglen,,55.83059246,-4.212104115
RYDE,Ryde Esplanade,RYDE,9100RYDE,Ryde,,50.73286839,-1.159616079
RYDP,Ryde Pier Head,RYDP,9100RYDP,Ryde,,50.73918504,-1.160126623
RYDS,Ryde St Johns Road,RYDS,9100RYDS,Ryde,,50.72436612,-1.156566324
RYDRBRW,Ryder Brow,RYDRBRW,9100RYDRBRW,Ryder Brow,Gorton,53.45657904,-2.173088005
RYEE,Rye,RYEE,9100RYEE,Rye,,50.95237017,0.730695195
RYEHOUS,Rye House,RYEHOUS,9100RYEHOUS,Rye Park,Hoddesdon,51.76941291,0.005628253
SLFDORD,Salford Central,SLFDORD,9100SLFDORD,Salford,,53.4830833,-2.254840691
SLFDCT,Salford Crescent,SLFDCT,9100SLFDCT,Salford,,53.48658728,-2.275749301
SALFDS,Salfords (Surrey),SALFDS,9100SALFDS,Salfords,,51.201748,-0.162489101
SALHOUS,Salhouse,SALHOUS,9100SALHOUS,Salhouse,,52.67557503,1.391415616
SLSBRY,Salisbury,SLSBRY,9100SLSBRY,Salisbury,,51.0705484,-1.806386736
SAIR,Saltaire,SAIR,9100SAIR,Saltaire,Shipley,53.83849308,-1.79048041
SASH,Saltash,SASH,9100SASH,Saltash,,50.40735666,-4.209112591
SBRN,Saltburn,SBRN,9100SBRN,Saltburn,,54.58345132,-0.974132892
SLCT,Saltcoats,SLCT,9100SLCT,Saltcoats,,55.63388224,-4.784290365
SLTMRSH,Saltmarshe,SLTMRSH,9100SLTMRSH,Saltmarshe,,53.72192445,-0.809485619
SALWICK,Salwick,SALWICK,9100SALWICK,Salwick,,53.78154017,-2.817038469
SAMPCRT,Sampford Courtenay,SAMPCRT,9100SAMPCRT,Belstone Corner,,50.77010034,-3.948891047
SABR,Sandal & Agbrigg,SABR,9100SABR,Sandal,Wakefield,53.66307832,-1.481419377
SBCH,Sandbach,SBCH,9100SBCH,Sandbach,,53.15016832,-2.393505451
SDSD,Sanderstead,SDSD,9100SDSD,Sanderstead,London,51.34828329,-0.093678226
SANDH,Sandhills,SANDH,9100SANDH,Liverpool,,53.42993669,-2.991490253
SNDHRST,Sandhurst,SNDHRST,9100SNDHRST,Sandhurst,,51.3469309,-0.804590487
SDLG,Sandling,SDLG,9100SDLG,Sandling,,51.09037075,1.066042891
SNDOWN,Sandown,SNDOWN,9100SNDOWN,Sandown,,50.65687136,-1.162387293
SDPLACE,Sandplace,SDPLACE,9100SDPLACE,Sandplace,,50.38675318,-4.464479949
SNDWDUD,Sandwell & Dudley,SNDWDUD,9100SNDWDUD,Oldbury,,52.50865918,-2.01159595
SWCH,Sandwich,SWCH,9100SWCH,Sandwich,,51.26990372,1.342568204
SNDY,Sandy,SNDY,9100SNDY,Sandy,,52.12473375,-0.281190371
SANKEY,Sankey for Penketh,SANKEY,9100SANKEY,Sankey Bridges,Warrington,53.39246139,-2.650469585
SANQHAR,Sanquhar,SANQHAR,9100SANQHAR,Sanquhar,,55.37016764,-3.924519317
SARN,Sarn,SARN,9100SARN,Sarn,,51.53871629,-3.589911747
SDRSFOT,Saundersfoot,SDRSFOT,9100SDRSFOT,Saundersfoot,,51.72209072,-4.716582504
SUNDRTN,Saunderton,SUNDRTN,9100SUNDRTN,Saunderton,,51.67590278,-0.825468446
SBDGWTH,Sawbridgeworth,SBDGWTH,9100SBDGWTH,Sawbridgeworth,,51.81434785,0.160411105
SAXILBY,Saxilby,SAXILBY,9100SAXILBY,Saxilby,,53.26720448,-0.664039492
SXMNDHM,Saxmundham,SXMNDHM,9100SXMNDHM,Saxmundham,,52.21489556,1.490165039
SCARBRO,Scarborough,SCARBRO,9100SCARBRO,Scarborough,,54.27979186,-0.405702983
SCSCLDR,Scotscalder,SCSCLDR,9100SCSCLDR,Halkirk,,58.482991,-3.552049799
SCTSTNH,Scotstounhill,SCTSTNH,9100SCTSTNH,Scotstoun,Glasgow,55.88514072,-4.352887789
SCNTHRP,Scunthorpe,SCNTHRP,9100SCNTHRP,Scunthorpe,,53.58617534,-0.650980362
SEMILLS,Sea Mills,SEMILLS,9100SEMILLS,Sea Mills,Bristol,51.47999337,-2.649949308
SEABURN,Seaburn,SEABURN,9100SEABURN,Seaburn,,54.92953545,-1.386693311
SEAFORD,Seaford,SEAFORD,9100SEAFORD,Seaford,,50.77284371,0.100133753
SFRTHAL,Seaforth & Litherland,SFRTHAL,9100SFRTHAL,Seaforth,Litherland,53.46626843,-3.005623244
SEAHAM,Seaham,SEAHAM,9100SEAHAM,Seaham,,54.8390556,-1.346337081
SEAMER,Seamer,SEAMER,9100SEAMER,Seamer,,54.24075189,-0.417029764
SEASCAL,Seascale,SEASCAL,9100SEASCAL,Seascale,,54.39587508,-3.484510808
SETNCRW,Seaton Carew,SETNCRW,9100SETNCRW,Seaton Carew,,54.65831156,-1.200429213
STDL,Seaton Delaval,STDL,9100STDL,Seaton Delaval,,55.074809,-1.5382113
SEERGRN,Seer Green,SEERGRN,9100SEERGRN,Seer Green,,51.60984476,-0.607818463
SELBY,Selby,SELBY,9100SELBY,Selby,,53.78278496,-1.0637859
SELHRST,Selhurst,SELHRST,9100SELHRST,Selhurst,Croydon,51.39192744,-0.088299898
SELAFLD,Sellafield,SELAFLD,9100SELAFLD,Sellafield,,54.41658526,-3.510456479
SELLING,Selling,SELLING,9100SELLING,Selling,,51.27735507,0.940870405
SELYOAK,Selly Oak,SELYOAK,9100SELYOAK,Selly Oak,Birmingham,52.44198192,-1.935814214
SETTLE,Settle,SETTLE,9100SETTLE,Settle,,54.06691415,-2.280714015
SVNKNGS,Seven Kings,SVNKNGS,9100SVNKNGS,Seven Kings,London,51.56402623,0.097100233
SEVNSIS,Seven Sisters,SEVNSIS,9100SEVNSIS,Seven Sisters,London,51.58226771,-0.075270018
SVNOAKS,Sevenoaks,SVNOAKS,9100SVNOAKS,Sevenoaks,,51.27686542,0.181669016
SVRNBCH,Severn Beach,SVRNBCH,9100SVRNBCH,Severn Beach,,51.56002681,-2.664476724
SEVTNLJ,Severn Tunnel Junction,SEVTNLJ,9100SEVTNLJ,Caldicot,,51.58467671,-2.777891436
SHADWEL,Shadwell,SHADWEL,9100SHADWEL,Shadwell,London,51.51128403,-0.056934291
SHALFD,Shalford (Surrey),SHALFD,9100SHALFD,Shalford,,51.21432297,-0.566803701
SHANKLN,Shanklin,SHANKLN,9100SHANKLN,Shanklin,,50.63391046,-1.179834087
SHWFAIR,Shawfair,SHWFAIR,9100SHWFAIR,Newton Village,,55.91789665,-3.090223684
SHAWFD,Shawford,SHAWFD,9100SHAWFD,Shawford,Winchester,51.02212499,-1.327773772
SHWLNDS,Shawlands,SHWLNDS,9100SHWLNDS,Shawlands,Glasgow,55.8292126,-4.292343089
SHRNSOS,Sheerness-on-Sea,SHRNSOS,9100SHRNSOS,Sheerness,,51.44106106,0.758533181
SHEFFLD,Sheffield,SHEFFLD,9100SHEFFLD,Sheffield,,53.37821987,-1.462110833
SHELFD,Shelford (Cambs),SHELFD,9100SHELFD,Great Shelford,,52.14882781,0.139981001
SHENFLD,Shenfield,SHENFLD,9100SHENFLD,Shenfield,Brentwood,51.63087735,0.329851319
SHNS,Shenstone,SHNS,9100SHNS,Shenstone,,52.63935949,-1.844201594
SHPDSB,Shepherds Bush,SHPDSB,9100SHPDSB,Shepherds Bush,London,51.50528471,-0.217654038
SWELL,Shepherds Well,SWELL,9100SWELL,Shepherdswell,,51.18839936,1.229910294
SPLY,Shepley,SPLY,9100SPLY,Shepley,Huddersfield,53.58874031,-1.704928065
SHEPRTN,Shepperton,SHEPRTN,9100SHEPRTN,Shepperton,,51.39680478,-0.446785829
SHPRTH,Shepreth,SHPRTH,9100SHPRTH,Shepreth,,52.11416176,0.031319266
SHERBRN,Sherborne,SHERBRN,9100SHERBRN,Sherborne,,50.9440217,-2.513073285
SHBN,Sherburn-in-Elmet,SHBN,9100SHBN,Sherburn in Elmet,,53.7971521,-1.23268439
SHRGHAM,Sheringham,SHRGHAM,9100SHRGHAM,Sheringham,,52.94142721,1.210320315
SHTLSTN,Shettleston,SHTLSTN,9100SHTLSTN,Shettleston,Glasgow,55.85353681,-4.160043627
SHILDMR,Shieldmuir,SHILDMR,9100SHILDMR,Wishaw,,55.77749082,-3.956989854
SHIFNAL,Shifnal,SHIFNAL,9100SHIFNAL,Shifnal,,52.66607129,-2.371839734
SHDN,Shildon,SHDN,9100SHDN,Shildon,,54.62616461,-1.63660538
SHPLAKE,Shiplake,SHPLAKE,9100SHPLAKE,Shiplake,,51.51146226,-0.882602109
SHPY,Shipley,SHPY,9100SHPY,Shipley,,53.83305151,-1.773489709
SPHL,Shippea Hill,SPHL,9100SPHL,Shippea Hill,Ely,52.43021342,0.41334527
SPTN,Shipton,SPTN,9100SPTN,Shipton-under-Wychwood,,51.86565415,-1.59269329
SHRBROK,Shirebrook,SHRBROK,9100SHRBROK,Shirebrook,,53.20424275,-1.202440529
SHAMPTN,Shirehampton,SHAMPTN,9100SHAMPTN,Shirehampton,Bristol,51.48434991,-2.679274991
SHRKSKS,Shireoaks,SHRKSKS,9100SHRKSKS,Shireoaks,,53.32477489,-1.167990902
SHIRLEY,Shirley,SHIRLEY,9100SHIRLEY,Shirley,Solihull,52.40342078,-1.845179603
SHBRYNS,Shoeburyness,SHBRYNS,9100SHBRYNS,Shoeburyness,Southend-on-Sea,51.53097282,0.79534477
SHOLING,Sholing,SHOLING,9100SHOLING,Sholing,Southampton,50.89675362,-1.36491494
SHRDHST,Shoreditch High Street,SHRDHST,9100SHRDHST,Shoreditch,London,51.52337525,-0.075246101
SHRMKT,Shoreham (Kent),SHRMKT,9100SHRMKT,Shoreham,,51.33221861,0.188889741
SHRHMBS,Shoreham-by-Sea (Sussex),SHRHMBS,9100SHRHMBS,Shoreham-by-Sea,,50.83442737,-0.271720424
SHRTLND,Shortlands,SHRTLND,9100SHRTLND,Shortlands,Bromley,51.40580074,0.001784107
SHOTTON,Shotton,SHOTTON,9100SHOTTON,Shotton,Connahs Quay,53.21254093,-3.038424478
SHOTTHL,Shotton High Level,SHOTTHL,9100SHOTTHL,Shotton,Connahs Quay,53.21353606,-3.037699796
SHTT,Shotts,SHTT,9100SHTT,Shotts,,55.81864747,-3.798319152
SHRWBY,Shrewsbury,SHRWBY,9100SHRWBY,Shrewsbury,,52.71192844,-2.749761167
SIDCUP,Sidcup,SIDCUP,9100SIDCUP,Sidcup,London,51.43387015,0.103794656
SILEBY,Sileby,SILEBY,9100SILEBY,Sileby,,52.73159407,-1.109988638
SILCRFT,Silecroft,SILCRFT,9100SILCRFT,Silecroft,,54.22595718,-3.33444148
SKSCMN,Silkstone Common,SKSCMN,9100SKSCMN,Silkstone Common,,53.53491718,-1.563478539
SIVRST,Silver Street,SIVRST,9100SIVRST,Edmonton,London,51.61468849,-0.067239916
SDAL,Silverdale,SDAL,9100SDAL,Silverdale,,54.16990922,-2.803842418
SINGER,Singer,SINGER,9100SINGER,Clydebank,,55.90767165,-4.405486053
STNGBRN,Sittingbourne,STNGBRN,9100STNGBRN,Sittingbourne,,51.3419768,0.734684455
SKEGNES,Skegness,SKEGNES,9100SKEGNES,Skegness,,53.14317935,0.334347223
SKEWEN,Skewen,SKEWEN,9100SKEWEN,Skewen,,51.66138988,-3.846508698
SKPT,Skipton,SKPT,9100SKPT,Skipton,,53.95868683,-2.025872064
SLADEGN,Slade Green,SLADEGN,9100SLADEGN,Slade Green,London,51.46778615,0.190491432
ZZTYSGY,Slaggyford,ZZTYSGY,9100ZZTYSGY,Slaggyford,,54.86549243,-2.50674655
SLTHWTE,Slaithwaite,SLTHWTE,9100SLTHWTE,Slaithwaite,Huddersfield,53.62382967,-1.881578681
SLATEFD,Slateford,SLATEFD,9100SLATEFD,Slateford,Edinburgh,55.92668824,-3.24345653
SLEFD,Sleaford,SLEFD,9100SLEFD,Sleaford,,52.99547308,-0.410346911
SLEGHTS,Sleights,SLEGHTS,9100SLEGHTS,Sleights,,54.46105277,-0.662480762
SLOUGH,Slough,SLOUGH,9100SLOUGH,Slough,,51.51188041,-0.591510358
SMLHTH,Small Heath,SMLHTH,9100SMLHTH,Small Heath,Birmingham,52.46376164,-1.85939269
SMALBRK,Smallbrook Junction,SMALBRK,9100SMALBRK,Westridge,Ryde,50.71110248,-1.154198239
GALTILL,Smethwick Galton Bridge,GALTILL,9100GALTILL,Smethwick,,52.50178093,-1.980510899
GALTINT,Smethwick Galton Bridge High Level,GALTINT,9100GALTINT,Smethwick,,52.50178092,-1.980496167
SMTHKRS,Smethwick Rolfe Street,SMTHKRS,9100SMTHKRS,Smethwick,,52.49638496,-1.970644439
SMBG,Smithy Bridge,SMBG,9100SMBG,Smithy Bridge,Rochdale,53.63325358,-2.113502473
SNAITH,Snaith,SNAITH,9100SNAITH,Snaith,,53.69311405,-1.028459725
SNODLND,Snodland,SNODLND,9100SNODLND,Snodland,,51.33023071,0.448241335
SNWDNAN,Snowdown,SNWDNAN,9100SNWDNAN,Snowdown,,51.21530017,1.213705242
SOHAM,Soham,SOHAM,9100SOHAM,Soham,,52.33415,0.3277
SOLEST,Sole Street,SOLEST,9100SOLEST,Sole Street,,51.38314556,0.378097012
SOLIHUL,Solihull,SOLIHUL,9100SOLIHUL,Solihull,,52.4143907,-1.788390542
SMRLYTN,Somerleyton,SMRLYTN,9100SMRLYTN,Somerleyton,,52.51023074,1.652260284
SACTON,South Acton,SACTON,9100SACTON,South Acton,Acton,51.49969523,-0.270157191
STHBANK,South Bank,STHBANK,9100STHBANK,South Bank,,54.58382977,-1.176666935
SBRMNDS,South Bermondsey,SBRMNDS,9100SBRMNDS,Bermondsey,London,51.48813558,-0.054677656
SCROYDN,South Croydon,SCROYDN,9100SCROYDN,South Croydon,Croydon,51.36296489,-0.093456508
SELMSAL,South Elmsall,SELMSAL,9100SELMSAL,South Elmsall,,53.59460815,-1.284858243
SGFORD,South Greenford,SGFORD,9100SGFORD,Greenford,London,51.53374948,-0.336704327
STHGYLE,South Gyle,STHGYLE,9100STHGYLE,South Gyle,Edinburgh,55.93635352,-3.299476155
SHMPSTD,South Hampstead,SHMPSTD,9100SHMPSTD,South Hampstead,London,51.54143217,-0.178877692
SKENTON,South Kenton,SKENTON,9100SKENTON,South Kenton,Preston,51.57021397,-0.308462369
SMERTON,South Merton,SMERTON,9100SMERTON,Merton Park,London,51.40299311,-0.205157399
SMILFD,South Milford,SMILFD,9100SMILFD,South Milford,,53.78232653,-1.25052922
SRUISLP,South Ruislip,SRUISLP,9100SRUISLP,South Ruislip,London,51.55692028,-0.39925907
STOTNHM,South Tottenham,STOTNHM,9100STOTNHM,South Tottenham,London,51.58037225,-0.072102593
WGSTS,South Wigston,WGSTS,9100WGSTS,South Wigston,Wigston,52.58222441,-1.134077079
WDHAMFR,South Woodham Ferrers,WDHAMFR,9100WDHAMFR,South Woodham Ferrers,Woodham Ferrers,51.64945833,0.606505174
STHALL,Southall,STHALL,9100STHALL,Southall,London,51.5059566,-0.378610295
SOTPKWY,Southampton Airport Parkway,SOTPKWY,9100SOTPKWY,North Stoneham,Eastleigh,50.95081543,-1.363096851
SOTON,Southampton Central,SOTON,9100SOTON,Southampton,,50.90744845,-1.413595872
SBOURNE,Southbourne,SBOURNE,9100SBOURNE,Southbourne,,50.84827705,-0.908106698
SBURY,Southbury,SBURY,9100SBURY,Enfield,London,51.64870504,-0.052436831
SESARDM,Southease,SESARDM,9100SESARDM,Southease,,50.83126533,0.030641331
SESABUS,Southease - Piddinghoe Road,SESABUS,9100SESABUS,Southease,,50.82962615,0.017818042
STHEAIR,Southend Airport,STHEAIR,9100STHEAIR,Southend-on-Sea,,51.56866961,0.705049862
STHCENT,Southend Central,STHCENT,9100STHCENT,Southend-on-Sea,,51.5370646,0.711726709
STHNDE,Southend East,STHNDE,9100STHNDE,Southchurch,Southend-on-Sea,51.53897266,0.731814822
STHVIC,Southend Victoria,STHVIC,9100STHVIC,Southend-on-Sea,,51.5415127,0.711500859
SMINSTR,Southminster,SMINSTR,9100SMINSTR,Southminster,,51.66062432,0.835192656
SOUTHPT,Southport,SOUTHPT,9100SOUTHPT,Southport,,53.64651914,-3.002434745
SSEACLE,Southsea Hoverport,SSEACLE,9100SSEACLE,Southsea,Portsmouth,50.78532836,-1.099989856
STHWICK,Southwick,STHWICK,9100STHWICK,Southwick,Shoreham-by-Sea,50.83251624,-0.235961796
SWRBBDG,Sowerby Bridge,SWRBBDG,9100SWRBBDG,Sowerby Bridge,Halifax,53.70784641,-1.907021521
SPALDNG,Spalding,SPALDNG,9100SPALDNG,Spalding,,52.78880647,-0.15688407
SPEANBD,Spean Bridge,SPEANBD,9100SPEANBD,Spean Bridge,,56.8900136,-4.921606773
SPITAL,Spital,SPITAL,9100SPITAL,Spital,Bebington,53.33993703,-2.993906569
SPDN,Spondon,SPDN,9100SPDN,Spondon,,52.91221924,-1.411093896
SPONRRW,Spooner Row,SPONRRW,9100SPONRRW,Spooner Row,Wymondham,52.53499701,1.086475738
SPRD,Spring Road,SPRD,9100SPRD,Hall Green,Birmingham,52.44341607,-1.837389482
SPRNGBN,Springburn,SPRNGBN,9100SPRNGBN,Springburn,Glasgow,55.8819371,-4.230534263
SPFD,Springfield,SPFD,9100SPFD,Springfield,,56.29497024,-3.05244809
SQUIRES,Squires Gate,SQUIRES,9100SQUIRES,Squires Gate,Blackpool,53.77733231,-3.050301622
STALBNA,St Albans Abbey,STALBNA,9100STALBNA,St Albans,,51.7447334,-0.342568644
STALBCY,St Albans City,STALBCY,9100STALBCY,St Albans,,51.75047316,-0.327538227
SADWRD,St Andrews Road,SADWRD,9100SADWRD,Avonmouth,Bristol,51.51277135,-2.696312996
STAS,St Annes-on-the-Sea,STAS,9100STAS,St Annes,,53.75303171,-3.029099289
STAUSTL,St Austell,STAUSTL,9100STAUSTL,St Austell,,50.33951704,-4.789358865
STBEES,St Bees,STBEES,9100STBEES,St Bees,,54.49253188,-3.591149983
STBDXFR,St Budeaux Ferry Road,STBDXFR,9100STBDXFR,St Budeaux,Plymouth,50.4013922,-4.186811819
STBDXVR,St Budeaux Victoria Road,STBDXVR,9100STBDXVR,St Budeaux,Plymouth,50.40201068,-4.187403198
STCLMBR,St Columb Road,STCLMBR,9100STCLMBR,St Columb Road,,50.39870662,-4.940755206
STDENYS,St Denys,STDENYS,9100STDENYS,St Denys,Southampton,50.92218943,-1.387759132
STERTH,St Erth,STERTH,9100STERTH,St Erth,,50.17049119,-5.444252031
STGRMNS,St Germans,STGRMNS,9100STGRMNS,St Germans,,50.39427454,-4.308404291
STHLNSC,St Helens Central,STHLNSC,9100STHLNSC,St Helens,,53.45312298,-2.730304792
STHLNSJ,St Helens Junction,STHLNSJ,9100STHLNSJ,St Helens,,53.43372557,-2.700259448
SHLIER,St Helier (London),SHLIER,9100SHLIER,Morden Park,London,51.3899008,-0.19877067
STIVES,St Ives (Cornwall),STIVES,9100STIVES,St Ives,,50.2090445,-5.477912392
STJAMSP,St James Park (Devon),STJAMSP,9100STJAMSP,Exeter City Centre,Exeter,50.73115566,-3.521993734
STJMSST,St James Street (London),STJMSST,9100STJMSST,Walthamstow,London,51.58098092,-0.032918376
STJOHNS,St Johns (London),STJOHNS,9100STJOHNS,St Johns,Lewisham,51.46939082,-0.022718745
STKEYNE,St Keyne Wishing Well Halt,STKEYNE,9100STKEYNE,St Keyne,,50.42304022,-4.463519881
STLNRWS,St Leonards Warrior Square,STLNRWS,9100STLNRWS,St Leonards,Hastings,50.85569504,0.560279476
SMARGRT,St Margarets (Herts),SMARGRT,9100SMARGRT,St Margarets,,51.78784053,0.001269217
STMGTS,St Margarets (London),STMGTS,9100STMGTS,St Margarets,London,51.45523604,-0.320200423
STMRYC,St Mary Cray,STMRYC,9100STMRYC,St Mary Cray,London,51.39474932,0.106383676
STMCHLS,St Michaels,STMCHLS,9100STMCHLS,St Michaels,Aigburth,53.37559912,-2.952798265
STNEOTS,St Neots,STNEOTS,9100STNEOTS,St Neots,,52.2315676,-0.247413833
SNDRMNK,St Peters,SNDRMNK,9100SNDRMNK,St Peters,Sunderland,54.9114401,-1.383801909
STAFFRD,Stafford,STAFFRD,9100STAFFRD,Stafford,,52.80389004,-2.122035617
STAINES,Staines,STAINES,9100STAINES,Staines,,51.43245541,-0.503164453
SBROUGH,Stallingborough,SBROUGH,9100SBROUGH,Stallingborough,,53.58709517,-0.183666719
SBYD,Stalybridge,SBYD,9100SBYD,Stalybridge,,53.48457934,-2.062741527
STAMFD,Stamford,STAMFD,9100STAMFD,Stamford,,52.64783199,-0.480115156
STMFDHL,Stamford Hill,STMFDHL,9100STMFDHL,Stamford Hill,London,51.57446739,-0.076681923
SLEHOPE,Stanford-le-Hope,SLEHOPE,9100SLEHOPE,Stanford le Hope,,51.51436361,0.423035846
SHPE,Stanhope,SHPE,9100SHPE,Stanhope,,54.74331042,-2.003261285
STNLWAT,Stanlow & Thornton,STNLWAT,9100STNLWAT,Stanlow,,53.27836254,-2.842051457
STANAIR,Stansted Airport,STANAIR,9100STANAIR,Stansted Airport,,51.88859105,0.260815594
STANMFC,Stansted Mountfitchet,STANMFC,9100STANMFC,Stansted Mountfitchet,,51.90143835,0.199780961
SPHS,Staplehurst,SPHS,9100SPHS,Staplehurst,,51.17146744,0.550438511
STPLTNR,Stapleton Road,STPLTNR,9100STPLTNR,Easton,Bristol,51.46750679,-2.566216844
STARBCK,Starbeck,STARBCK,9100STARBCK,Starbeck,Harrogate,53.99899892,-1.50112963
STRCROS,Starcross,STRCROS,9100STRCROS,Starcross,,50.62779776,-3.447704223
STAVELY,Staveley,STAVELY,9100STAVELY,Staveley,,54.3755326,-2.818862529
STECHFD,Stechford,STECHFD,9100STECHFD,Stechford,Birmingham,52.48482082,-1.811025305
STEETON,Steeton & Silsden,STEETON,9100STEETON,Steeton,Keighley,53.90003196,-1.944719532
STEPPS,Stepps,STEPPS,9100STEPPS,Stepps,,55.89013641,-4.140807539
STEVNGE,Stevenage,STEVNGE,9100STEVNGE,Stevenage,,51.90168753,-0.207109386
STVNSTN,Stevenston,STVNSTN,9100STVNSTN,Stevenston,,55.63427894,-4.750789585
STWRTBY,Stewartby,STWRTBY,9100STWRTBY,Stewartby,,52.06907967,-0.520692161
STEWRTN,Stewarton,STEWRTN,9100STEWRTN,Stewarton,,55.68215385,-4.518057528
STIRLNG,Stirling,STIRLNG,9100STIRLNG,Stirling,,56.11981675,-3.935619534
STKP,Stockport,STKP,9100STKP,Stockport,,53.40553844,-2.163013086
STCKSFL,Stocksfield,STCKSFL,9100STCKSFL,Stocksfield,,54.94704842,-1.916759199
STKSMR,Stocksmoor,STKSMR,9100STKSMR,Stocksmoor,Huddersfield,53.59408714,-1.723247847
STOCTON,Stockton,STOCTON,9100STOCTON,Stockton,,54.56962223,-1.318543106
STKM,Stoke Mandeville,STKM,9100STKM,Stoke Mandeville,,51.78779554,-0.784086205
STKNWNG,Stoke Newington,STKNWNG,9100STKNWNG,Stoke Newington,London,51.56523277,-0.072887351
STOKEOT,Stoke-on-Trent,STOKEOT,9100STOKEOT,Stoke-upon-Trent,Stoke-on-Trent,53.00798007,-2.18098733
STONE,Stone,STONE,9100STONE,Stonefield,Stone,52.90832615,-2.155041165
STCR,Stone Crossing,STCR,9100STCR,Stone,,51.45133048,0.263771252
STNBGPK,Stonebridge Park,STNBGPK,9100STNBGPK,Stonebridge,London,51.544111,-0.275828352
SNGT,Stonegate,SNGT,9100SNGT,Stonegate,,51.01996772,0.36386822
SHVN,Stonehaven,SHVN,9100SHVN,Stonehaven,,56.96682339,-2.225297051
STNHSE,Stonehouse,STNHSE,9100STNHSE,Stonehouse,Stroud,51.74588765,-2.27949851
STLEIGH,Stoneleigh,STLEIGH,9100STLEIGH,Stoneleigh,Ewell,51.36340066,-0.248665138
STRBDGJ,Stourbridge Junction,STRBDGJ|STRBDG1,9100STRBDGJ,Stourbridge,,52.44758687,-2.133846999
STRBDGT,Stourbridge Town,STRBDGT,9100STRBDGT,Stourbridge,,52.45557867,-2.141817896
STOW,Stow,STOW,9100STOW,Stow,,55.69231532,-2.866885256
STWMRKT,Stowmarket,STWMRKT,9100STWMRKT,Stowmarket,,52.18971307,1.000005431
STRNRR,Stranraer,STRNRR,9100STRNRR,Stranraer,,54.90960226,-5.024737472
STFD,Stratford (London),STFD,9100STFD,Stratford,London,51.54189507,-0.003396657
STFODOM,Stratford International,STFODOM,9100STFODOM,Stratford,London,51.5448282,-0.008777565
SOAV,Stratford-upon-Avon,SOAV,9100SOAV,Stratford-upon-Avon,,52.19424832,-1.716288433
SOAVPWY,Stratford-upon-Avon Parkway,SOAVPWY,9100SOAVPWY,Stratford-upon-Avon,,52.20677906,-1.730842365
STCN,Strathcarron,STCN,9100STCN,Strathcarron,,57.42273344,-5.428612555
STRWBYH,Strawberry Hill,STRWBYH,9100STRWBYH,Strawberry Hill,London,51.43896297,-0.339358389
STRETHM,Streatham,STRETHM,9100STRETHM,Streatham,London,51.42580802,-0.131550257
STRHCOM,Streatham Common,STRHCOM,9100STRHCOM,Streatham Vale,London,51.41872988,-0.136009775
STRHILL,Streatham Hill,STRHILL,9100STRHILL,Streatham Hill,London,51.43819275,-0.127160035
STHS,Streethouse,STHS,9100STHS,Streethouse,Featherstone,53.67615431,-1.400118384
STRINES,Strines,STRINES,9100STRINES,Strines,,53.37503908,-2.033915717
STRMFRY,Stromeferry,STRMFRY,9100STRMFRY,Stromeferry,,57.35229778,-5.551160679
STROOD,Strood,STROOD,9100STROOD,Strood,,51.39654864,0.500187505
STRUD,Stroud (Glos),STRUD,9100STRUD,Stroud,,51.74462175,-2.219382682
STURRY,Sturry,STURRY,9100STURRY,Sturry,,51.30106906,1.122255406
STYAL,Styal,STYAL,9100STYAL,Styal,Wilmslow,53.34832975,-2.240456033
SDBRYHR,Sudbury & Harrow Road,SDBRYHR,9100SDBRYHR,Sudbury,London,51.55439847,-0.315468136
SUDBURY,Sudbury (Suffolk),SUDBURY,9100SUDBURY,Sudbury,,52.03627818,0.735444414
SDBRYHH,Sudbury Hill Harrow,SDBRYHH,9100SDBRYHH,Sudbury Hill,London,51.55846538,-0.335802812
SGRLOAF,Sugar Loaf,SGRLOAF,9100SGRLOAF,Tirabad,,52.08226993,-3.686948809
SUMRSTN,Summerston,SUMRSTN,9100SUMRSTN,Summerston,Glasgow,55.89883607,-4.291538513
SUNBURY,Sunbury,SUNBURY,9100SUNBURY,Sunbury,,51.4183132,-0.417782599
SNDRLND,Sunderland,SNDRLND,9100SNDRLND,Sunderland,,54.90533968,-1.382304263
SNDP,Sundridge Park,SNDP,9100SNDP,Plaistow,Bromley,51.41378157,0.02144641
SUNNGDL,Sunningdale,SUNNGDL,9100SUNNGDL,Sunningdale,,51.39194041,-0.633040652
SUNYMDS,Sunnymeads,SUNYMDS,9100SUNYMDS,Sunnymeads,Wraysbury,51.4702883,-0.559374157
SURBITN,Surbiton,SURBITN,9100SURBITN,Surbiton,London,51.39245969,-0.303958484
SURREYQ,Surrey Quays,SURREYQ,9100SURREYQ,Surrey Quays,London,51.49319635,-0.047518581
SUTTON,Sutton (London),SUTTON,9100SUTTON,Sutton,London,51.35953316,-0.191214741
SUTCO,Sutton Coldfield,SUTCO,9100SUTCO,Sutton Coldfield,Birmingham,52.56494206,-1.824844076
SUTTONC,Sutton Common,SUTTONC,9100SUTTONC,Benhilton,London,51.37489073,-0.196342501
STTNPWY,Sutton Parkway,STTNPWY,9100STTNPWY,Sutton Junction,Sutton in Ashfield,53.11409276,-1.245568236
SWALE,Swale,SWALE,9100SWALE,Swale,,51.38923631,0.747133742
SWLY,Swanley,SWLY,9100SWLY,Swanley,,51.39338682,0.169225441
SWNSCMB,Swanscombe,SWNSCMB,9100SWNSCMB,Swanscombe,,51.44907051,0.309543284
SWANSEA,Swansea,SWANSEA,9100SWANSEA,Swansea,,51.62514583,-3.941546049
SWNWICK,Swanwick,SWNWICK,9100SWNWICK,Swanwick,,50.87566987,-1.265852382
SWAY,Sway,SWAY,9100SWAY,Sway,,50.78470305,-1.609995746
SWYTHLN,Swaythling,SWYTHLN,9100SWYTHLN,Swaythling,Southampton,50.94114843,-1.376408588
SWNDRBY,Swinderby,SWNDRBY,9100SWNDRBY,Swinderby,,53.16955585,-0.702679403
SDON,Swindon,SDON,9100SDON,Swindon,,51.56547233,-1.785511158
SWSHEAD,Swineshead,SWSHEAD,9100SWSHEAD,Swineshead Bridge,,52.96980361,-0.187167358
SWNT,Swinton (Manchester),SWNT,9100SWNT,Swinton,Salford,53.51483235,-2.337461027
SWINTN,Swinton (South Yorks),SWINTN,9100SWINTN,Swinton,,53.48623991,-1.30582125
SYDENHM,Sydenham,SYDENHM,9100SYDENHM,Sydenham,London,51.42724791,-0.054243899
SYDNHMH,Sydenham Hill,SYDNHMH,9100SYDNHMH,Dulwich,London,51.43271414,-0.08033949
SYONLA,Syon Lane,SYONLA,9100SYONLA,Brentford End,London,51.48178497,-0.324841838
SYSTON,Syston,SYSTON,9100SYSTON,Syston,,52.6942106,-1.082398711
TACKLEY,Tackley,TACKLEY,9100TACKLEY,Tackley,,51.88123791,-1.297535507
TADWTH,Tadworth,TADWTH,9100TADWTH,Tadworth,,51.29163753,-0.235964591
TAFFSWL,Taffs Well,TAFFSWL,9100TAFFSWL,Taffs Well,,51.54080439,-3.262937884
TAIN,Tain,TAIN,9100TAIN,Tain,,57.81441958,-4.052049116
TALYCFN,Tal-y-Cafn,TALYCFN,9100TALYCFN,Tal-y-cafn,,53.22836277,-3.818263126
TLSRNAU,Talsarnau,TLSRNAU,9100TLSRNAU,Talsarnau,,52.9043081,-4.068154646
TALB,Talybont,TALB,9100TALB,Tal-y-Bont,,52.77263012,-4.096596409
TAMEBDG,Tame Bridge Parkway,TAMEBDG,9100TAMEBDG,Tame Bridge,Walsall,52.5529326,-1.976211487
TMWTHLL,Tamworth,TMWTHLL,9100TMWTHLL,Tamworth,,52.63747425,-1.686464374
TMWTHHL,Tamworth High Level,TMWTHHL,9100TMWTHHL,Tamworth,,52.63747422,-1.686449597
TANY,Tan-y-Bwlch Ffestiniog,TANY,9100TANY,Tan-y-bwlch,,52.95437078,-4.011515354
TAPLOW,Taplow,TAPLOW,9100TAPLOW,Taplow,,51.52356238,-0.681370383
TATNHMC,Tattenham Corner,TATNHMC,9100TATNHMC,Tattenham Corner,,51.30918327,-0.242609213
TAUNTON,Taunton,TAUNTON,9100TAUNTON,Taunton,,51.02330244,-3.102741555
TAYNULT,Taynuilt,TAYNULT,9100TAYNULT,Taynuilt,,56.43080778,-5.239609971
TEDNGTN,Teddington,TEDNGTN,9100TEDNGTN,Teddington,London,51.42448068,-0.332705913
TSDARPR,Tees-side Airport,TSDARPR,9100TSDARPR,Teesside Airport,Middleton St George,54.51813252,-1.425311409
TEINMTH,Teignmouth,TEINMTH,9100TEINMTH,Teignmouth,,50.54806213,-3.49466277
TELFRDC,Telford Central,TELFRDC,9100TELFRDC,Telford,,52.68110765,-2.440970939
TMPCMB,Templecombe,TMPCMB,9100TMPCMB,Templecombe,,51.00150316,-2.417724662
TENBY,Tenby,TENBY,9100TENBY,Tenby,,51.67294483,-4.706695951
TEYNHAM,Teynham,TEYNHAM,9100TEYNHAM,Teynham,,51.33339252,0.807425639
TDITTON,Thames Ditton,TDITTON,9100TDITTON,Thames Ditton,,51.38909702,-0.339152109
THANETP,Thanet Parkway,THANETP,9100THANETP,Cliffs End,,51.330843,1.361777
THATCHM,Thatcham,THATCHM,9100THATCHM,Thatcham,,51.39384424,-1.24319001
THHT,Thatto Heath,THHT,9100THHT,Thatto Heath,St Helens,53.43658223,-2.759374473
HNDSHWT,The Hawthorns,HNDSHWT,9100HNDSHWT,Smethwick,,52.50537306,-1.964008847
THELAKS,The Lakes,THELAKS,9100THELAKS,Earlswood,Solihull,52.35914379,-1.84467335
THEALE,Theale,THEALE,9100THEALE,Theale,,51.43345159,-1.074972975
THBLDSG,Theobalds Grove,THBLDSG,9100THBLDSG,Theobalds Grove,Waltham Cross,51.69245655,-0.0348313
THETFD,Thetford,THETFD,9100THETFD,Thetford,,52.41912535,0.745073088
THIRSK,Thirsk,THIRSK,9100THIRSK,Thirsk,,54.22821114,-1.372587997
TABY,Thornaby,TABY,9100TABY,Thornaby,,54.5592704,-1.301411936
THORNEN,Thorne North,THORNEN,9100THORNEN,Thorne,,53.61606289,-0.972330735
THORNES,Thorne South,THORNES,9100THORNES,Thorne,,53.60332966,-0.95510916
THFORD,Thornford,THFORD,9100THFORD,Thornford,,50.91057622,-2.578987187
THLB,Thornliebank,THLB,9100THLB,Thornliebank,,55.81109947,-4.311707121
THABBEY,Thornton Abbey,THABBEY,9100THABBEY,Thornton Abbey,,53.65430253,-0.323021412
THTH,Thornton Heath,THTH,9100THTH,Thornton Heath,Croydon,51.39877732,-0.100305866
THAL,Thorntonhall,THAL,9100THAL,Thorntonhall,,55.76867855,-4.251162158
THOPBAY,Thorpe Bay,THOPBAY,9100THOPBAY,Thorpe Bay,Southend-on-Sea,51.53757044,0.761728066
TCULVRT,Thorpe Culvert,TCULVRT,9100TCULVRT,Thorpe Culvert,,53.12309186,0.199415241
THPLESK,Thorpe-le-Soken,THPLESK,9100THPLESK,Thorpe-le-Soken,,51.84763661,1.161400548
THBDGS,Three Bridges,THBDGS,9100THBDGS,Three Bridges,Crawley,51.11692375,-0.161184003
THOK,Three Oaks,THOK,9100THOK,Three Oaks,,50.90111544,0.613051073
THRGRTN,Thurgarton,THRGRTN,9100THRGRTN,Thurgarton,,53.02894314,-0.962256938
TRNO,Thurnscoe,TRNO,9100TRNO,Thurnscoe,,53.54504233,-1.308783622
THURSO,Thurso,THURSO,9100THURSO,Thurso,,58.59017662,-3.52754817
THUSTON,Thurston,THUSTON,9100THUSTON,Thurston,,52.25000336,0.808652829
TLBYTWN,Tilbury Town,TLBYTWN,9100TLBYTWN,Tilbury,,51.46235856,0.354038564
TILEH,Tile Hill,TILEH,9100TILEH,Tile Hill South,Coventry,52.39510383,-1.596848362
TILHRST,Tilehurst,TILHRST,9100TILHRST,Tilehurst,Reading,51.47150872,-1.029815847
TIPTON,Tipton,TIPTON,9100TIPTON,Tipton,Dudley,52.5304419,-2.065701154
TIRPHIL,Tir-phil,TIRPHIL,9100TIRPHIL,Tir-phil,,51.72090637,-3.246380138
TISBURY,Tisbury,TISBURY,9100TISBURY,Tisbury,,51.06085301,-2.079002094
TIVIPW,Tiverton Parkway,TIVIPW,9100TIVIPW,Tiverton Parkway,,50.91717753,-3.359644083
TODMRDN,Todmorden,TODMRDN,9100TODMRDN,Todmorden,,53.7138177,-2.099659167
TOLWTH,Tolworth,TOLWTH,9100TOLWTH,Tolworth,London,51.37686022,-0.279461392
TONPNTR,Ton Pentre,TONPNTR,9100TONPNTR,Ton Pentre,,51.64780069,-3.486187341
TONBDG,Tonbridge,TONBDG,9100TONBDG,Tonbridge,,51.19141127,0.270973139
TONDU,Tondu,TONDU,9100TONDU,Tondu,,51.54736215,-3.595549472
TONFNAU,Tonfanau,TONFNAU,9100TONFNAU,Ton-fanau,,52.61354189,-4.123697933
TNYPNDY,Tonypandy,TNYPNDY,9100TNYPNDY,Tonypandy,,51.61976282,-3.448869228
TOOTING,Tooting,TOOTING,9100TOOTING,Tooting,London,51.41984844,-0.161277654
TOPSHAM,Topsham,TOPSHAM,9100TOPSHAM,Topsham,,50.68621636,-3.464422675
TORQUAY,Torquay,TORQUAY,9100TORQUAY,Torquay,Torbay,50.46113397,-3.543275259
TORRE,Torre,TORRE,9100TORRE,Torre,Torquay,50.47318877,-3.546415917
TOTNES,Totnes,TOTNES,9100TOTNES,Totnes,,50.43586501,-3.688692366
TOTCTRD,Tottenham Court Road,TOTCTRD,9100TOTCTRD,Tottenham Court Road,London,,
TTNHMHL,Tottenham Hale,TTNHMHL,9100TTNHMHL,Tottenham Hale,London,51.58830984,-0.059929104
TOTTON,Totton,TOTTON,9100TOTTON,Totton,,50.91788117,-1.482417307
TOWNGRN,Town Green,TOWNGRN,9100TOWNGRN,Town Green,,53.54280703,-2.904486582
TRFDPK,Trafford Park,TRFDPK,9100TRFDPK,Trafford Park,,53.45481722,-2.310631124
TREFRST,Trefforest,TREFRST,9100TREFRST,Treforest,Pontypridd,51.59146219,-3.325117793
TRFRSTE,Trefforest Estate,TRFRSTE,9100TRFRSTE,Treforest,Pontypridd,51.56829211,-3.290248126
TREHAFD,Trehafod,TREHAFD,9100TREHAFD,Trehafod,,51.61015072,-3.380974556
TREHRBT,Treherbert,TREHRBT,9100TREHRBT,Treherbert,,51.67224312,-3.536302479
TREORCY,Treorchy,TREORCY,9100TREORCY,Treorchy,,51.65753267,-3.505733821
TRIMLEY,Trimley,TRIMLEY,9100TRIMLEY,Trimley St Mary,,51.97652895,1.319536515
TRING,Tring,TRING,9100TRING,Tring,,51.80074116,-0.622439325
TRDYRHW,Troed-y-Rhiw,TRDYRHW,9100TRDYRHW,Troedyrhiw,,51.71242543,-3.346743996
TROON,Troon,TROON,9100TROON,Troon,,55.54281117,-4.655299545
TRWBRDG,Trowbridge,TRWBRDG,9100TRWBRDG,Trowbridge,,51.31983106,-2.214334418
TRURO,Truro,TRURO,9100TRURO,Truro,,50.263841,-5.064812304
TULLOCH,Tulloch,TULLOCH,9100TULLOCH,Roybridge,,56.88427857,-4.701321074
TULSEH,Tulse Hill,TULSEH,9100TULSEH,Tulse Hill,London,51.43986117,-0.105076686
TUNWELL,Tunbridge Wells,TUNWELL,9100TUNWELL,Tunbridge Wells,,51.13023394,0.2628104
TURKYST,Turkey Street,TURKYST,9100TURKYST,Enfield Wash,London,51.67262808,-0.047216555
TUTBURY,Tutbury & Hatton,TUTBURY,9100TUTBURY,Hatton,,52.86413527,-1.682234917
TWDBANK,Tweedbank,TWDBANK,9100TWDBANK,Tweedbank,Galashiels,55.60544798,-2.757604885
TWCKNHM,Twickenham,TWCKNHM,9100TWCKNHM,Twickenham,London,51.45003117,-0.330393744
TWYFORD,Twyford,TWYFORD,9100TWYFORD,Twyford,,51.47553409,-0.863292545
TYCROES,Ty Croes,TYCROES,9100TYCROES,Ty Croes,,53.22255753,-4.474732763
TYGLAS,Ty Glas,TYGLAS,9100TYGLAS,Birchgrove,Cardiff,51.52153865,-3.196534131
TYGWYN,Tygwyn,TYGWYN,9100TYGWYN,Talsarnau,,52.89378519,-4.078654707
TYNDRML,Tyndrum Lower,TYNDRML,9100TYNDRML,Tyndrum,,56.43334204,-4.714821044
TYSL,Tyseley,TYSL,9100TYSL,Tyseley,Birmingham,52.45411655,-1.839115994
TYWYN,Tywyn,TYWYN,9100TYWYN,Tywyn,,52.58557608,-4.093559171
UCKFILD,Uckfield,UCKFILD,9100UCKFILD,Uckfield,,50.96873912,0.096380973
UDNGSTN,Uddingston,UDNGSTN,9100UDNGSTN,Uddingston,,55.82352778,-4.086697645
ULCEBY,Ulceby,ULCEBY,9100ULCEBY,Ulceby Skitter,Ulceby,53.61920074,-0.300826691
ULESKLF,Ulleskelf,ULESKLF,9100ULESKLF,Ulleskelf,,53.85361148,-1.213972051
ULVRSTN,Ulverston,ULVRSTN,9100ULVRSTN,Ulverston,,54.19158441,-3.097915161
UMBRLGH,Umberleigh,UMBRLGH,9100UMBRLGH,Umberleigh,,50.99674816,-3.982886925
UNVRSYB,University,UNVRSYB,9100UNVRSYB,Birmingham University,Birmingham,52.45124209,-1.936683679
UPHALL,Uphall,UPHALL,9100UPHALL,Uphall,,55.91904238,-3.502119443
UPHOLND,Upholland,UPHOLND,9100UPHOLND,Up Holland,,53.52837938,-2.741404891
UPMNSTR,Upminster,UPMNSTR|UPMNSP6,9100UPMNSTR,Upminster,,51.55901829,0.250879576
UHALIFD,Upper Halliford,UHALIFD,9100UHALIFD,Upper Halliford,Sunbury,51.41306723,-0.430905718
UPRHLWY,Upper Holloway,UPRHLWY,9100UPRHLWY,Upper Holloway,London,51.56363123,-0.129513003
TYNDRMU,Upper Tyndrum,TYNDRMU,9100TYNDRMU,Tyndrum,,56.4346631,-4.703721429
UWRLNGH,Upper Warlingham,UWRLNGH,9100UWRLNGH,Warlingham,,51.30851177,-0.077951665
UPTON,Upton,UPTON,9100UPTON,Upton,,53.38648748,-3.084152517
UPWEY,Upwey,UPWEY,9100UPWEY,Upwey,Weymouth,50.6482717,-2.466138072
URMSTON,Urmston,URMSTON,9100URMSTON,Urmston,,53.44827031,-2.353796534
UTOXETR,Uttoxeter,UTOXETR,9100UTOXETR,Uttoxeter,,52.89679094,-1.857254625
VALLEY,Valley,VALLEY,9100VALLEY,Valley,,53.28128444,-4.563368821
VAUXHLW,Vauxhall,VAUXHLW|VAUXHLM,9100VAUXHLW,Vauxhall,London,51.48618964,-0.122875076
VRGNWTR,Virginia Water,VRGNWTR,9100VRGNWTR,Virginia Water,,51.40180217,-0.562173767
WADDON,Waddon,WADDON,9100WADDON,Waddon,Croydon,51.36739782,-0.117335832
WADHRST,Wadhurst,WADHRST,9100WADHRST,Wadhurst,,51.07346084,0.313173601
WAINFLT,Wainfleet,WAINFLT,9100WAINFLT,Wainfleet All Saints,,53.10512662,0.234727374
WKFLDKG,Wakefield Kirkgate,WKFLDKG,9100WKFLDKG,Wakefield,,53.67865874,-1.488570542
WKFLDWG,Wakefield Westgate,WKFLDWG,9100WKFLDWG,Wakefield,,53.68307363,-1.506110449
WALKDEN,Walkden,WALKDEN,9100WALKDEN,Walkden,Salford,53.51977501,-2.396321019
WALAGRD,Wallasey Grove Road,WALAGRD,9100WALAGRD,Wallasey,,53.42800316,-3.069707004
WALASYV,Wallasey Village,WALASYV,9100WALASYV,Wallasey,,53.42288464,-3.069127022
WALNGTN,Wallington,WALNGTN,9100WALNGTN,Wallington,London,51.36038648,-0.150832874
WALLYFD,Wallyford,WALLYFD,9100WALLYFD,Wallyford,Musselburgh,55.94028449,-3.014950345
WALMER,Walmer,WALMER,9100WALMER,Walmer,,51.20332238,1.382874525
WALSALL,Walsall,WALSALL,9100WALSALL,Walsall,,52.58439836,-1.984754898
WDEN,Walsden,WDEN,9100WDEN,Walsden,Todmorden,53.69625984,-2.104464031
WALHAMX,Waltham Cross,WALHAMX,9100WALHAMX,Waltham Cross,,51.68506098,-0.026558314
WLTWCEN,Walthamstow Central,WLTWCEN,9100WLTWCEN,Walthamstow,London,51.58291875,-0.019814945
WLTHQRD,Walthamstow Queens Road,WLTHQRD,9100WLTHQRD,Walthamstow,London,51.58150292,-0.023845809
WALTONM,Walton (Merseyside),WALTONM,9100WALTONM,Walton,Liverpool,53.45621537,-2.965747051
WONT,Walton-on-Thames,WONT,9100WONT,Walton-on-Thames,,51.37293107,-0.414634959
WONNAZE,Walton-on-the-Naze,WONNAZE,9100WONNAZE,Walton-on-the-Naze,,51.84616912,1.267669817
WANBRO,Wanborough,WANBRO,9100WANBRO,Wanborough,,51.24452328,-0.667587713
WANDCMN,Wandsworth Common,WANDCMN,9100WANDCMN,Wandsworth Common,London,51.44618483,-0.163385912
WNDSWRD,Wandsworth Road,WNDSWRD,9100WNDSWRD,Clapham,London,51.47021646,-0.138519585
WDWTOWN,Wandsworth Town,WDWTOWN,9100WDWTOWN,Wandsworth,London,51.4610478,-0.188125403
WNSTDPK,Wanstead Park,WNSTDPK,9100WNSTDPK,Forest Gate,London,51.55169295,0.026213074
WAPPING,Wapping,WAPPING,9100WAPPING,Wapping,London,51.50438805,-0.055930816
WRBLNGT,Warblington,WRBLNGT,9100WRBLNGT,Warblington,Havant,50.85344577,-0.967156344
WARE,Ware,WARE,9100WARE,Ware,,51.80796039,-0.028781303
WARHAM,Wareham,WARHAM,9100WARHAM,Wareham,,50.69288849,-2.115246497
WARGRAV,Wargrave,WARGRAV,9100WARGRAV,Wargrave,,51.49815916,-0.876516637
WRMNSTR,Warminster,WRMNSTR,9100WRMNSTR,Warminster,,51.20677658,-2.176734036
WARNHAM,Warnham,WARNHAM,9100WARNHAM,Warnham,,51.09290209,-0.329464094
WRGTNBQ,Warrington Bank Quay,WRGTNBQ,9100WRGTNBQ,Warrington,,53.3860083,-2.60236417
WRGT,Warrington Central,WRGT,9100WRGT,Warrington,,53.39181612,-2.593168309
WRGTWST,Warrington West,WRGTWST,9100WRGTWST,Warrington,,53.39402967,-2.63802707
WARWICK,Warwick,WARWICK,9100WARWICK,Warwick,,52.28653969,-1.581854479
WARWPWY,Warwick Parkway,WARWPWY,9100WARWPWY,Warwick,,52.28610328,-1.612057832
WTRORTN,Water Orton,WTRORTN,9100WTRORTN,Water Orton,,52.51858507,-1.743090368
WATBECH,Waterbeach,WATBECH,9100WATBECH,Waterbeach,,52.26230545,0.196790597
WTRNGBY,Wateringbury,WTRNGBY,9100WTRNGBY,Wateringbury,,51.24973511,0.422466593
WLOO,Waterloo (Merseyside),WLOO,9100WLOO,Waterloo,Crosby,53.47495317,-3.025536167
WATFDHS,Watford High Street,WATFDHS,9100WATFDHS,Watford,,51.65265496,-0.391711099
WATFJDC,Watford Junction,WATFJDC|WATFDJ,9100WATFJDC,Watford,,51.66352909,-0.396516975
WATFDN,Watford North,WATFDN,9100WATFDN,North Watford,Watford,51.67570403,-0.389925729
WATLGTN,Watlington,WATLGTN,9100WATLGTN,Watlington,,52.67317157,0.383316182
WATONAS,Watton-at-Stone,WATONAS,9100WATONAS,Watton-at-Stone,,51.85643784,-0.119427409
WAUNGRN,Waun-gron Park,WAUNGRN,9100WAUNGRN,Fairwater,Cardiff,51.48819573,-3.229652323
WVRTTEC,Wavertree Technology Park,WVRTTEC,9100WVRTTEC,Wavertree Nook,Wavertree,53.40519178,-2.92290891
WEDGWD,Wedgwood,WEDGWD,9100WEDGWD,Barlaston,,52.95104851,-2.170821902
WEELEY,Weeley,WEELEY,9100WEELEY,Weeley,,51.85309894,1.115481829
WEETON,Weeton,WEETON,9100WEETON,Weeton,Leeds,53.92317792,-1.581215607
WELHAMG,Welham Green,WELHAMG,9100WELHAMG,Welham Green,,51.73635217,-0.210691674
WELLING,Welling,WELLING,9100WELLING,Welling,London,51.46479848,0.101689641
WLNGBRO,Wellingborough,WLNGBRO,9100WLNGBRO,Wellingborough,,52.30378269,-0.676650863
WELNGTN,Wellington (Shropshire),WELNGTN,9100WELNGTN,Wellington,Telford,52.70130513,-2.5171654
WELSHPL,Welshpool,WELSHPL,9100WELSHPL,Welshpool,,52.65749436,-3.139871224
WLWYNGC,Welwyn Garden City,WLWYNGC,9100WLWYNGC,Welwyn Garden City,,51.80104809,-0.20407041
WLWYNN,Welwyn North,WLWYNN,9100WLWYNN,Digswell,Welwyn Garden City,51.82349745,-0.192091483
WEMM,Wem,WEMM,9100WEMM,Wem,,52.85640938,-2.718016889
WMBYDC,Wembley Central,WMBYDC|WMBY,9100WMBYDC,Wembley,London,51.55232498,-0.296418374
WEMBLSM,Wembley Stadium,WEMBLSM,9100WEMBLSM,Wembley,London,51.5544156,-0.285608228
WEMYSSB,Wemyss Bay,WEMYSSB,9100WEMYSSB,Wemyss Bay,,55.87614422,-4.889079912
WENDOVR,Wendover,WENDOVR,9100WENDOVR,Wendover,,51.76175731,-0.747372296
WENNGTN,Wennington,WENNGTN,9100WENNGTN,Wennington,,54.12370484,-2.587510393
WALERTN,West Allerton,WALERTN,9100WALERTN,Allerton,Liverpool,53.36912467,-2.906964234
WBRMPTN,West Brompton,WBRMPTN,9100WBRMPTN,West Brompton,London,51.48706135,-0.195592561
WBYFLET,West Byfleet,WBYFLET,9100WBYFLET,West Byfleet,,51.33922574,-0.505485149
WCALDER,West Calder,WCALDER,9100WCALDER,West Calder,,55.85380336,-3.567016749
WCROYDN,West Croydon,WCROYDN,9100WCROYDN,Croydon,London,51.37842775,-0.102585471
WDRYTON,West Drayton,WDRYTON,9100WDRYTON,West Drayton,London,51.51005492,-0.472234235
WDULWCH,West Dulwich,WDULWCH,9100WDULWCH,West Dulwich,Dulwich,51.44071793,-0.091371431
WEALING,West Ealing,WEALING,9100WEALING,West Ealing,Ealing,51.51350551,-0.320133207
WHAMHL,West Ham,WHAMHL,9100WHAMHL,West Ham,London,51.52848932,0.00543115
WHMDSTD,West Hampstead,WHMDSTD,9100WHMDSTD,West Hampstead,London,51.54746762,-0.191184518
WHMPSTM,West Hampstead Thameslink,WHMPSTM,9100WHMPSTM,West Hampstead,London,51.54847584,-0.191836839
WHORNDN,West Horndon,WHORNDN,9100WHORNDN,West Horndon,,51.56794532,0.340643742
WKILBRD,West Kilbride,WKILBRD,9100WKILBRD,West Kilbride,,55.6961551,-4.851745553
WKIRBY,West Kirby,WKIRBY,9100WKIRBY,West Kirby,Hoylake,53.37317196,-3.183771371
WMALING,West Malling,WMALING,9100WMALING,West Malling,,51.29202073,0.418653358
WNORWOD,West Norwood,WNORWOD,9100WNORWOD,West Norwood,London,51.43174762,-0.103829915
WRUISLP,West Ruislip,WRUISLP,9100WRUISLP,Ruislip,London,51.56975848,-0.437767676
WRUNTON,West Runton,WRUNTON,9100WRUNTON,West Runton,,52.93552571,1.245457566
WSLE,West St Leonards,WSLE,9100WSLE,West St Leonards,Hastings,50.8531537,0.539935324
WSUTTON,West Sutton,WSUTTON,9100WSUTTON,Sutton,London,51.36585386,-0.205173271
WWICKHM,West Wickham,WWICKHM,9100WWICKHM,West Wickham,London,51.38130143,-0.014431867
WWRTHNG,West Worthing,WWRTHNG,9100WWRTHNG,West Worthing,Worthing,50.81835393,-0.392985124
WSTBRYW,Westbury (Wilts),WSTBRYW,9100WSTBRYW,Westbury,,51.26698609,-2.199181679
WCLIFF,Westcliff,WCLIFF,9100WCLIFF,Westcliff-on-Sea,Southend-on-Sea,51.53733353,0.691465994
WCOMBEP,Westcombe Park,WCOMBEP,9100WCOMBEP,Charlton,London,51.4842027,0.018394738
WENHNGR,Westenhanger,WENHNGR,9100WENHNGR,Westenhanger,,51.09496085,1.038049674
WHAILES,Wester Hailes,WHAILES,9100WHAILES,Wester Hailes,Edinburgh,55.91431779,-3.284339173
WSTRFLD,Westerfield,WSTRFLD,9100WSTRFLD,Westerfield,,52.0809829,1.165904932
WESTRTN,Westerton,WESTRTN,9100WESTRTN,Westerton,Bearsden,55.90480708,-4.334880043
WESGTOS,Westgate-on-Sea,WESGTOS,9100WESGTOS,Westgate-on-Sea,,51.38144583,1.33836195
WSTHOTN,Westhoughton,WSTHOTN,9100WSTHOTN,Westhoughton,,53.55566982,-2.523726659
WMILTON,Weston Milton,WMILTON,9100WMILTON,Milton,Weston-super-Mare,51.34847052,-2.94238608
WSMARE,Weston-super-Mare,WSMARE,9100WSMARE,Weston-super-Mare,,51.34431977,-2.97166248
WETHERL,Wetheral,WETHERL,9100WETHERL,Wetheral,,54.88384033,-2.831713147
WEYBDGB,Weybridge,WEYBDGB|WEYBDGE,9100WEYBDGB,Weybridge,,51.36177129,-0.457738595
WEYMTH,Weymouth,WEYMTH,9100WEYMTH,Weymouth,,50.61531497,-2.45422196
WHALYBG,Whaley Bridge,WHALYBG,9100WHALYBG,Whaley Bridge,,53.33023471,-1.984645043
WHALLEY,Whalley,WHALLEY,9100WHALLEY,Whalley,,53.8240171,-2.412253
WATSTND,Whatstandwell,WATSTND,9100WATSTND,Whatstandwell,,53.08331365,-1.504086179
WHIFLET,Whifflet,WHIFLET,9100WHIFLET,Coatbridge,,55.85369161,-4.018655142
WHIMPLE,Whimple,WHIMPLE,9100WHIMPLE,Whimple,,50.76802776,-3.354322057
WHINH,Whinhill,WHINH,9100WHINH,Greenock,,55.93837156,-4.746694347
WHISTON,Whiston,WHISTON,9100WHISTON,Whiston,,53.4138689,-2.796431832
WTBY,Whitby,WTBY,9100WTBY,Whitby,,54.4846099,-0.615402851
WHCH,Whitchurch (Cardiff),WHCH,9100WHCH,Whitchurch,Cardiff,51.52075049,-3.22325037
WHTCHRH,Whitchurch (Hants),WHTCHRH,9100WHTCHRH,Whitchurch,,51.2375442,-1.337746975
WCHR,Whitchurch (Shrops),WCHR,9100WCHR,Whitchurch,,52.96806,-2.671698192
WHHRTLA,White Hart Lane,WHHRTLA,9100WHHRTLA,Tottenham,London,51.60503707,-0.070913538
WNOTLEY,White Notley,WNOTLEY,9100WNOTLEY,White Notley,,51.83891181,0.595863533
WCHAPEL,Whitechapel,WCHAPEL|WCHAPXR,9100WCHAPEL,Whitechapel,London,51.51946907,-0.059757043
WTCR,Whitecraigs,WTCR,9100WTCR,Whitecraigs,Newton Mearns,55.7903222,-4.310156671
WHITHVN,Whitehaven,WHITHVN,9100WHITHVN,Whitehaven,,54.55303154,-3.586933123
WHLAND,Whitland,WHLAND,9100WHLAND,Whitland,,51.81803004,-4.61439067
WHTBDGE,Whitley Bridge,WHTBDGE,9100WHTBDGE,Whitley Bridge,,53.69912985,-1.158280297
WHLE,Whitlocks End,WHLE,9100WHLE,Whitlocks End,Solihull,52.3918317,-1.851538832
WHSTBLE,Whitstable,WHSTBLE,9100WHSTBLE,Whitstable,,51.35758278,1.033294833
WHTLSEA,Whittlesea,WHTLSEA,9100WHTLSEA,Whittlesey,,52.5495291,-0.118990935
WTLESFD,Whittlesford Parkway,WTLESFD,9100WTLESFD,Whittlesford,,52.10358821,0.165617185
WHTTON,Whitton,WHTTON,9100WHTTON,Whitton,London,51.44960729,-0.357681338
WHWLL,Whitwell (Derbys),WHWLL,9100WHWLL,Whitwell,,53.27996047,-1.200207111
WHYTELF,Whyteleafe,WHYTELF,9100WHYTELF,Whyteleafe,,51.30995809,-0.081148298
WHYTLFS,Whyteleafe South,WHYTLFS,9100WHYTLFS,Whyteleafe,,51.30338685,-0.076917651
WICK,Wick,WICK,9100WICK,Wick,,58.44156841,-3.096858699
WIKFORD,Wickford,WIKFORD,9100WIKFORD,Wickford,,51.61502314,0.519185148
WCKHMMR,Wickham Market,WCKHMMR,9100WCKHMMR,Campsey Ash,,52.15110024,1.398680275
WDRNGTN,Widdrington,WDRNGTN,9100WDRNGTN,Widdrington Station,,55.2413061,-1.616473406
WIDNES,Widnes,WIDNES,9100WIDNES,Widnes,,53.37849659,-2.733536668
WDNYMNR,Widney Manor,WDNYMNR,9100WDNYMNR,Widney,Solihull,52.39593513,-1.774370432
WIGANNW,Wigan North Western,WIGANNW,9100WIGANNW,Wigan,,53.54366144,-2.633273749
WIGANWL,Wigan Wallgate,WIGANWL,9100WIGANWL,Wigan,,53.54482143,-2.633185431
WIGTON,Wigton,WIGTON,9100WIGTON,Wigton,,54.82911714,-3.164342654
WLDMILL,Wildmill,WLDMILL,9100WLDMILL,Wild Mill,Bridgend,51.52087081,-3.579632652
WILHAL,Willenhall,WILHAL,9100WILHAL,Willenhall,Walsall,52.581899,-2.055095
WLSDJHL,Willesden Junction,WLSDJHL,9100WLSDJHL,Willesden,London,51.53249661,-0.244547814
WLSDNJL,Willesden Junction Low Level,WLSDNJL,9100WLSDNJL,Willesden,London,51.53202784,-0.243268246
WMWD,Williamwood,WMWD,9100WMWD,Williamwood,,55.79368611,-4.290334505
WLNTNON,Willington,WLNTNON,9100WLNTNON,Willington,,52.85364482,-1.563360517
WILMCOT,Wilmcote,WILMCOT,9100WILMCOT,Wilmcote,,52.22299843,-1.756011299
WLMSL,Wilmslow,WLMSL,9100WLMSL,Wilmslow,,53.32684752,-2.226326994
WILNECT,Wilnecote (Staffs),WILNECT,9100WILNECT,Wilnecote,Tamworth,52.61071164,-1.679714456
WDON,Wimbledon,WDON|WIMBLDN,9100WDON,Wimbledon,London,51.42122187,-0.206385072
WIMLCHS,Wimbledon Chase,WIMLCHS,9100WIMLCHS,Bushey Mead,London,51.40955837,-0.214031157
WINCHLS,Winchelsea,WINCHLS,9100WINCHLS,Winchelsea,,50.93376593,0.702261766
WNCHSTR,Winchester,WNCHSTR,9100WNCHSTR,Winchester,,51.06721063,-1.319699926
WNCFILD,Winchfield,WNCFILD,9100WNCFILD,Winchfield,,51.28495009,-0.906977325
WNMHILL,Winchmore Hill,WNMHILL,9100WNMHILL,Winchmore Hill,London,51.63394208,-0.100900159
WMER,Windermere,WMER,9100WMER,Windermere,,54.37960297,-2.903391443
WINDSEC,Windsor & Eton Central,WINDSEC,9100WINDSEC,,,51.48326792,-0.610379868
WSORAER,Windsor & Eton Riverside,WSORAER,9100WSORAER,,,51.48565015,-0.606533983
WINERSH,Winnersh,WINERSH,9100WINERSH,Winnersh,,51.43028256,-0.876858545
WINETGL,Winnersh Triangle,WINETGL,9100WINETGL,Winnersh Triangle,,51.43674164,-0.891331598
WNSFD,Winsford,WNSFD,9100WNSFD,Winsford,,53.19051134,-2.494599328
WISHAW,Wishaw,WISHAW,9100WISHAW,Wishaw,,55.77204245,-3.926424857
WITHAME,Witham (Essex),WITHAME,9100WITHAME,Witham,,51.80596864,0.639130184
WITLEY,Witley,WITLEY,9100WITLEY,Witley,,51.13316198,-0.645782966
WITTON,Witton (West Midlands),WITTON,9100WITTON,Witton,Birmingham,52.51237937,-1.884434588
WVLSFLD,Wivelsfield,WVLSFLD,9100WVLSFLD,Burgess Hill,,50.96429671,-0.120789939
WIVENHO,Wivenhoe,WIVENHO,9100WIVENHO,Wivenhoe,,51.85653055,0.956137745
WOBURNS,Woburn Sands,WOBURNS,9100WOBURNS,Woburn Sands,,52.01815155,-0.654083957
WOKING,Woking,WOKING,9100WOKING,Woking,,51.31846935,-0.556959621
WOKNGHM,Wokingham,WOKNGHM,9100WOKNGHM,Wokingham,,51.4112185,-0.842543174
WLDNGHM,Woldingham,WLDNGHM,9100WLDNGHM,Woldingham,,51.29015787,-0.051869629
WOLSHAM,Wolsingham,WOLSHAM,9100WOLSHAM,Wolsingham,,54.72631513,-1.883517756
WVRMPTN,Wolverhampton,WVRMPTN,9100WVRMPTN,Wolverhampton,,52.58784476,-2.119514509
WLVR,Wolverton,WLVR,9100WLVR,Wolverton,Milton Keynes,52.06587775,-0.804266926
WOMBWEL,Wombwell,WOMBWEL,9100WOMBWEL,Wombwell,,53.51734568,-1.416162483
WDND,Wood End,WDND,9100WDND,Wood End,Solihull,52.3436801,-1.844213695
WDST,Wood Street,WDST,9100WDST,Upper Walthamstow,Walthamstow,51.58658041,-0.002405317
WODBDGE,Woodbridge,WODBDGE,9100WODBDGE,Woodbridge,,52.09044663,1.317771288
WDGRNPK,Woodgrange Park,WDGRNPK,9100WDGRNPK,Manor Park,London,51.54926374,0.044423311
WHHL,Woodhall,WHHL,9100WHHL,Port Glasgow,,55.93120621,-4.655401024
WDHOUSE,Woodhouse,WDHOUSE,9100WDHOUSE,Woodhouse,Sheffield,53.36374368,-1.357553423
WDLESFD,Woodlesford,WDLESFD,9100WDLESFD,Woodlesford,Leeds,53.75678721,-1.442879392
WOODLEY,Woodley,WOODLEY,9100WOODLEY,Woodley,,53.42925327,-2.093271548
WDMNSTR,Woodmansterne,WDMNSTR,9100WDMNSTR,Coulsdon,London,51.31902004,-0.154262049
WMOR,Woodsmoor,WMOR,9100WMOR,Woodsmoor,Davenport,53.38647349,-2.142086589
WOOL,Wool,WOOL,9100WOOL,Wool,,50.68163783,-2.221459858
WOLSTON,Woolston,WOLSTON,9100WOLSTON,Woolston,Southampton,50.89892326,-1.377057819
WOLWXR,Woolwich,WOLWXR,9100WOLWXR,Woolwich,London,,
WOLWCHA,Woolwich Arsenal,WOLWCHA,9100WOLWCHA,Woolwich,London,51.48990894,0.069193994
WOLWCDY,Woolwich Dockyard,WOLWCDY,9100WOLWCDY,Woolwich,London,51.49112706,0.054642031
WOTONWN,Wootton Wawen,WOTONWN,9100WOTONWN,Wootton Wawen,,52.26690003,-1.78469652
WORCSFS,Worcester Foregate Street,WORCSFS,9100WORCSFS,Worcester,,52.19514437,-2.221596361
WRCSTRP,Worcester Park,WRCSTRP,9100WRCSTRP,Worcester Park,London,51.38125256,-0.245167232
WORCSSH,Worcester Shrub Hill,WORCSSH,9100WORCSSH,Worcester,,52.19472613,-2.20940775
WORCPWY,Worcestershire Parkway,WORCPWY,9100WORCPWY,Norton,,52.15604578,-2.160025161
WKNT,Workington,WKNT,9100WKNT,Workington,,54.64509524,-3.558500318
WORKSOP,Worksop,WORKSOP,9100WORKSOP,Worksop,,53.31150695,-1.122771237
WORLE,Worle,WORLE,9100WORLE,Worle,Weston-super-Mare,51.35803624,-2.909621645
WRPLSDN,Worplesdon,WRPLSDN,9100WRPLSDN,Worplesdon,,51.28901745,-0.582578132
WORSTED,Worstead,WORSTED,9100WORSTED,Worstead,,52.77742622,1.404081372
WORTHNG,Worthing,WORTHNG,9100WORTHNG,Worthing,,50.81849884,-0.376171387
WRABNES,Wrabness,WRABNES,9100WRABNES,Wrabness,,51.93950951,1.171498121
WRYSBRY,Wraysbury,WRYSBRY,9100WRYSBRY,Wraysbury,,51.45770837,-0.541921824
WRENBRY,Wrenbury,WRENBRY,9100WRENBRY,Wrenbury,,53.01938849,-2.595946349
WRESSLE,Wressle,WRESSLE,9100WRESSLE,Wressle,,53.7729236,-0.924349006
WREXHMC,Wrexham Central,WREXHMC,9100WREXHMC,Wrexham,,53.04618811,-2.999052544
WREXHMG,Wrexham General,WREXHMG,9100WREXHMG,Wrexham,,53.05023181,-3.002443039
WYEE,Wye,WYEE,9100WYEE,Wye,,51.18501181,0.929303811
WYLAM,Wylam,WYLAM,9100WYLAM,Wylam,,54.97497199,-1.814061716
WYGN,Wylde Green,WYGN,9100WYGN,Wylde Green,Birmingham,52.54571329,-1.831408796
WYMNDHM,Wymondham,WYMNDHM,9100WYMNDHM,Wymondham,,52.56541225,1.118025527
WYTH,Wythall,WYTH,9100WYTH,Wythall,,52.37993652,-1.865534922
YALDING,Yalding,YALDING,9100YALDING,Yalding,,51.22648369,0.412164184
YRDLYWD,Yardley Wood,YRDLYWD,9100YRDLYWD,Yardley Wood,Birmingham,52.42150248,-1.854380293
YAAM,Yarm,YAAM,9100YAAM,Yarm,,54.49389897,-1.351545028
YATE,Yate,YATE,9100YATE,Yate,,51.54060197,-2.432521656
YATTON,Yatton,YATTON,9100YATTON,Yatton,,51.39101398,-2.827778836
YEOFORD,Yeoford,YEOFORD,9100YEOFORD,Yeoford,,50.77692416,-3.72711913
YOVILJN,Yeovil Junction,YOVILJN,9100YOVILJN,Yeovil,,50.92474837,-2.612456505
YOVILPM,Yeovil Pen Mill,YOVILPM,9100YOVILPM,Yeovil,,50.94452664,-2.613428155
YTMNSTR,Yetminster,YTMNSTR,9100YTMNSTR,Yetminster,,50.89576447,-2.573755649
YNYSWEN,Ynyswen,YNYSWEN,9100YNYSWEN,Ynys-wen,Treorchy,51.6649713,-3.521596826
YOKER,Yoker,YOKER,9100YOKER,Whitecrook,Clydebank,55.8925865,-4.38628664
YORK,York,YORK,9100YORK,York,,53.95796588,-1.09318209
YORTON,Yorton,YORTON,9100YORTON,Yorton,,52.80895704,-2.736461109
YSTRADM,Ystrad Mynach,YSTRADM,9100YSTRADM,Ystrad Mynach,,51.64093435,-3.241295361
YTRHOND,Ystrad Rhondda,YTRHOND,9100YTRHOND,Ystrad Rhondda,,51.64363993,-3.4666846
